InfB_MP_BMf_38_Ward	252233817	100.000	8	0	0	16	23	772	779	6.6	14.3
InfB_MP_BMf_38_Ward	252233816	100.000	8	0	0	16	23	772	779	6.6	14.3
InfB_MP_BMf_38_Ward	252233814	100.000	8	0	0	16	23	772	779	6.6	14.3
InfB_MP_BMf_38_Ward	252233631	100.000	8	0	0	16	23	772	779	6.6	14.3
InfB_MP_BMf_38_Ward	252233629	100.000	8	0	0	16	23	772	779	6.6	14.3
InfB_MP_BMf_38_Ward	252233623	100.000	8	0	0	16	23	772	779	6.6	14.3
InfB_MP_BMf_38_Ward	252233622	100.000	8	0	0	16	23	772	779	6.6	14.3
InfB_MP_BMf_38_Ward	252233563	100.000	8	0	0	16	23	772	779	6.6	14.3
InfB_MP_BMf_38_Ward	252233536	100.000	8	0	0	16	23	772	779	6.6	14.3
InfB_MP_BMf_38_Ward	252233404	100.000	8	0	0	16	23	772	779	6.6	14.3
InfB_MP_BMf_38_Ward	252233402	100.000	8	0	0	16	23	772	779	6.6	14.3
InfB_MP_BMf_38_Ward	252233401	100.000	8	0	0	16	23	772	779	6.6	14.3
InfB_MP_BMf_38_Ward	252233399	100.000	8	0	0	16	23	772	779	6.6	14.3
InfB_MP_BMf_38_Ward	252233371	100.000	8	0	0	16	23	772	779	6.6	14.3
InfB_MP_BMf_38_Ward	252233358	100.000	8	0	0	16	23	772	779	6.6	14.3
InfB_MP_BMf_38_Ward	252233354	100.000	8	0	0	16	23	772	779	6.6	14.3
InfB_MP_BMf_38_Ward	252233317	100.000	8	0	0	16	23	772	779	6.6	14.3
InfB_MP_BMr_132_antisenseB_Ward	252233817	100.000	8	0	0	16	23	772	779	6.6	14.3
InfB_MP_BMr_132_antisenseB_Ward	252233816	100.000	8	0	0	16	23	772	779	6.6	14.3
InfB_MP_BMr_132_antisenseB_Ward	252233814	100.000	8	0	0	16	23	772	779	6.6	14.3
InfB_MP_BMr_132_antisenseB_Ward	252233631	100.000	8	0	0	16	23	772	779	6.6	14.3
InfB_MP_BMr_132_antisenseB_Ward	252233629	100.000	8	0	0	16	23	772	779	6.6	14.3
InfB_MP_BMr_132_antisenseB_Ward	252233623	100.000	8	0	0	16	23	772	779	6.6	14.3
InfB_MP_BMr_132_antisenseB_Ward	252233622	100.000	8	0	0	16	23	772	779	6.6	14.3
InfB_MP_BMr_132_antisenseB_Ward	252233563	100.000	8	0	0	16	23	772	779	6.6	14.3
InfB_MP_BMr_132_antisenseB_Ward	252233536	100.000	8	0	0	16	23	772	779	6.6	14.3
InfB_MP_BMr_132_antisenseB_Ward	252233404	100.000	8	0	0	16	23	772	779	6.6	14.3
InfB_MP_BMr_132_antisenseB_Ward	252233402	100.000	8	0	0	16	23	772	779	6.6	14.3
InfB_MP_BMr_132_antisenseB_Ward	252233401	100.000	8	0	0	16	23	772	779	6.6	14.3
InfB_MP_BMr_132_antisenseB_Ward	252233399	100.000	8	0	0	16	23	772	779	6.6	14.3
InfB_MP_BMr_132_antisenseB_Ward	252233371	100.000	8	0	0	16	23	772	779	6.6	14.3
InfB_MP_BMr_132_antisenseB_Ward	252233358	100.000	8	0	0	16	23	772	779	6.6	14.3
InfB_MP_BMr_132_antisenseB_Ward	252233354	100.000	8	0	0	16	23	772	779	6.6	14.3
InfB_MP_BMr_132_antisenseB_Ward	252233317	100.000	8	0	0	16	23	772	779	6.6	14.3
InfB_MP_BM-probe_69_Ward	252233642	85.714	14	2	0	12	25	933	946	1.5	17.4
InfB_MP_BM-probe_69_Ward	252233475	85.714	14	2	0	12	25	933	946	1.5	17.4
InfB_MP_BM-probe_69_Ward	252233441	85.714	14	2	0	12	25	933	946	1.5	17.4
InfB_MP_BM-probe_69_Ward	252233440	85.714	14	2	0	12	25	933	946	1.5	17.4
InfA_MP_M52c	252233535	100.000	21	0	0	1	21	20	40	3.85e-06	34.7
InfA_MP_M52c	252233817	95.238	21	1	0	1	21	20	40	3.41e-05	31.6
InfA_MP_M52c	252233816	95.238	21	1	0	1	21	20	40	3.41e-05	31.6
InfA_MP_M52c	252233814	95.238	21	1	0	1	21	20	40	3.41e-05	31.6
InfA_MP_M52c	252233642	95.238	21	1	0	1	21	20	40	3.41e-05	31.6
InfA_MP_M52c	252233631	95.238	21	1	0	1	21	20	40	3.41e-05	31.6
InfA_MP_M52c	252233629	95.238	21	1	0	1	21	20	40	3.41e-05	31.6
InfA_MP_M52c	252233623	95.238	21	1	0	1	21	20	40	3.41e-05	31.6
InfA_MP_M52c	252233622	95.238	21	1	0	1	21	20	40	3.41e-05	31.6
InfA_MP_M52c	252233563	95.238	21	1	0	1	21	20	40	3.41e-05	31.6
InfA_MP_M52c	252233536	95.238	21	1	0	1	21	20	40	3.41e-05	31.6
InfA_MP_M52c	252233475	95.238	21	1	0	1	21	20	40	3.41e-05	31.6
InfA_MP_M52c	252233441	95.238	21	1	0	1	21	20	40	3.41e-05	31.6
InfA_MP_M52c	252233440	95.238	21	1	0	1	21	20	40	3.41e-05	31.6
InfA_MP_M52c	252233404	95.238	21	1	0	1	21	20	40	3.41e-05	31.6
InfA_MP_M52c	252233402	95.238	21	1	0	1	21	20	40	3.41e-05	31.6
InfA_MP_M52c	252233401	95.238	21	1	0	1	21	20	40	3.41e-05	31.6
InfA_MP_M52c	252233399	95.238	21	1	0	1	21	20	40	3.41e-05	31.6
InfA_MP_M52c	252233371	95.238	21	1	0	1	21	20	40	3.41e-05	31.6
InfA_MP_M52c	252233358	95.238	21	1	0	1	21	20	40	3.41e-05	31.6
InfA_MP_M52c	252233354	95.238	21	1	0	1	21	20	40	3.41e-05	31.6
InfA_MP_M52c	252233317	95.238	21	1	0	1	21	20	40	3.41e-05	31.6
InfA_MP_M149r	252233817	100.000	23	0	0	1	23	159	137	5.22e-07	37.9
InfA_MP_M149r	252233816	100.000	23	0	0	1	23	159	137	5.22e-07	37.9
InfA_MP_M149r	252233814	100.000	23	0	0	1	23	159	137	5.22e-07	37.9
InfA_MP_M149r	252233631	100.000	23	0	0	1	23	159	137	5.22e-07	37.9
InfA_MP_M149r	252233629	100.000	23	0	0	1	23	159	137	5.22e-07	37.9
InfA_MP_M149r	252233623	100.000	23	0	0	1	23	159	137	5.22e-07	37.9
InfA_MP_M149r	252233622	100.000	23	0	0	1	23	159	137	5.22e-07	37.9
InfA_MP_M149r	252233563	100.000	23	0	0	1	23	159	137	5.22e-07	37.9
InfA_MP_M149r	252233536	100.000	23	0	0	1	23	159	137	5.22e-07	37.9
InfA_MP_M149r	252233404	100.000	23	0	0	1	23	159	137	5.22e-07	37.9
InfA_MP_M149r	252233402	100.000	23	0	0	1	23	159	137	5.22e-07	37.9
InfA_MP_M149r	252233401	100.000	23	0	0	1	23	159	137	5.22e-07	37.9
InfA_MP_M149r	252233399	100.000	23	0	0	1	23	159	137	5.22e-07	37.9
InfA_MP_M149r	252233371	100.000	23	0	0	1	23	159	137	5.22e-07	37.9
InfA_MP_M149r	252233358	100.000	23	0	0	1	23	159	137	5.22e-07	37.9
InfA_MP_M149r	252233354	100.000	23	0	0	1	23	159	137	5.22e-07	37.9
InfA_MP_M149r	252233317	100.000	23	0	0	1	23	159	137	5.22e-07	37.9
InfA_MP_M149r	252233535	100.000	22	0	0	1	22	159	138	1.55e-06	36.3
InfA_MP_M149r	252233535	100.000	8	0	0	9	16	512	505	6.6	14.3
InfA_MP_M149r	252233535	100.000	8	0	0	16	23	912	919	6.6	14.3
InfA_MP_M149r	252233642	95.652	23	1	0	1	23	159	137	4.62e-06	34.7
InfA_MP_M149r	252233475	95.652	23	1	0	1	23	159	137	4.62e-06	34.7
InfA_MP_M149r	252233441	95.652	23	1	0	1	23	159	137	4.62e-06	34.7
InfA_MP_M149r	252233440	95.652	23	1	0	1	23	159	137	4.62e-06	34.7
InfA_MP_probeM93c	252233535	100.000	23	0	0	1	23	59	81	5.22e-07	37.9
InfA_MP_probeM93c	252233817	95.652	23	1	0	1	23	59	81	4.62e-06	34.7
InfA_MP_probeM93c	252233817	100.000	8	0	0	3	10	633	640	6.6	14.3
InfA_MP_probeM93c	252233816	95.652	23	1	0	1	23	59	81	4.62e-06	34.7
InfA_MP_probeM93c	252233816	100.000	8	0	0	3	10	633	640	6.6	14.3
InfA_MP_probeM93c	252233814	95.652	23	1	0	1	23	59	81	4.62e-06	34.7
InfA_MP_probeM93c	252233814	100.000	8	0	0	3	10	633	640	6.6	14.3
InfA_MP_probeM93c	252233642	95.652	23	1	0	1	23	59	81	4.62e-06	34.7
InfA_MP_probeM93c	252233642	100.000	8	0	0	3	10	633	640	6.6	14.3
InfA_MP_probeM93c	252233631	95.652	23	1	0	1	23	59	81	4.62e-06	34.7
InfA_MP_probeM93c	252233631	100.000	8	0	0	3	10	633	640	6.6	14.3
InfA_MP_probeM93c	252233629	95.652	23	1	0	1	23	59	81	4.62e-06	34.7
InfA_MP_probeM93c	252233629	100.000	8	0	0	3	10	633	640	6.6	14.3
InfA_MP_probeM93c	252233623	95.652	23	1	0	1	23	59	81	4.62e-06	34.7
InfA_MP_probeM93c	252233623	100.000	8	0	0	3	10	633	640	6.6	14.3
InfA_MP_probeM93c	252233622	95.652	23	1	0	1	23	59	81	4.62e-06	34.7
InfA_MP_probeM93c	252233622	100.000	8	0	0	3	10	633	640	6.6	14.3
InfA_MP_probeM93c	252233563	95.652	23	1	0	1	23	59	81	4.62e-06	34.7
InfA_MP_probeM93c	252233563	100.000	8	0	0	3	10	633	640	6.6	14.3
InfA_MP_probeM93c	252233536	95.652	23	1	0	1	23	59	81	4.62e-06	34.7
InfA_MP_probeM93c	252233536	100.000	8	0	0	3	10	633	640	6.6	14.3
InfA_MP_probeM93c	252233475	95.652	23	1	0	1	23	59	81	4.62e-06	34.7
InfA_MP_probeM93c	252233475	100.000	8	0	0	3	10	633	640	6.6	14.3
InfA_MP_probeM93c	252233441	95.652	23	1	0	1	23	59	81	4.62e-06	34.7
InfA_MP_probeM93c	252233441	100.000	8	0	0	3	10	633	640	6.6	14.3
InfA_MP_probeM93c	252233440	95.652	23	1	0	1	23	59	81	4.62e-06	34.7
InfA_MP_probeM93c	252233440	100.000	8	0	0	3	10	633	640	6.6	14.3
InfA_MP_probeM93c	252233404	95.652	23	1	0	1	23	59	81	4.62e-06	34.7
InfA_MP_probeM93c	252233404	100.000	8	0	0	3	10	633	640	6.6	14.3
InfA_MP_probeM93c	252233402	95.652	23	1	0	1	23	59	81	4.62e-06	34.7
InfA_MP_probeM93c	252233402	100.000	8	0	0	3	10	633	640	6.6	14.3
InfA_MP_probeM93c	252233401	95.652	23	1	0	1	23	59	81	4.62e-06	34.7
InfA_MP_probeM93c	252233401	100.000	8	0	0	3	10	633	640	6.6	14.3
InfA_MP_probeM93c	252233399	95.652	23	1	0	1	23	59	81	4.62e-06	34.7
InfA_MP_probeM93c	252233399	100.000	8	0	0	3	10	633	640	6.6	14.3
InfA_MP_probeM93c	252233371	95.652	23	1	0	1	23	59	81	4.62e-06	34.7
InfA_MP_probeM93c	252233371	100.000	8	0	0	3	10	633	640	6.6	14.3
InfA_MP_probeM93c	252233358	95.652	23	1	0	1	23	59	81	4.62e-06	34.7
InfA_MP_probeM93c	252233358	100.000	8	0	0	3	10	633	640	6.6	14.3
InfA_MP_probeM93c	252233354	95.652	23	1	0	1	23	59	81	4.62e-06	34.7
InfA_MP_probeM93c	252233354	100.000	8	0	0	3	10	633	640	6.6	14.3
InfA_MP_probeM93c	252233317	95.652	23	1	0	1	23	59	81	4.62e-06	34.7
InfA_MP_probeM93c	252233317	100.000	8	0	0	3	10	633	640	6.6	14.3
InfB_HA_BHA_188F	252233642	100.000	9	0	0	6	14	324	332	1.8	15.8
InfB_HA_BHA270R	252233535	90.909	11	1	0	6	16	578	588	2.2	15.8
InfB_HA_BHA270R	252233817	100.000	8	0	0	11	18	489	496	6.6	14.3
InfB_HA_BHA270R	252233816	100.000	8	0	0	11	18	489	496	6.6	14.3
InfB_HA_BHA270R	252233814	100.000	8	0	0	11	18	489	496	6.6	14.3
InfB_HA_BHA270R	252233642	100.000	8	0	0	11	18	489	496	6.6	14.3
InfB_HA_BHA270R	252233631	100.000	8	0	0	11	18	489	496	6.6	14.3
InfB_HA_BHA270R	252233629	100.000	8	0	0	11	18	489	496	6.6	14.3
InfB_HA_BHA270R	252233623	100.000	8	0	0	11	18	489	496	6.6	14.3
InfB_HA_BHA270R	252233622	100.000	8	0	0	11	18	489	496	6.6	14.3
InfB_HA_BHA270R	252233563	100.000	8	0	0	11	18	489	496	6.6	14.3
InfB_HA_BHA270R	252233536	100.000	8	0	0	11	18	489	496	6.6	14.3
InfB_HA_BHA270R	252233475	100.000	8	0	0	11	18	489	496	6.6	14.3
InfB_HA_BHA270R	252233441	100.000	8	0	0	11	18	489	496	6.6	14.3
InfB_HA_BHA270R	252233440	100.000	8	0	0	11	18	489	496	6.6	14.3
InfB_HA_BHA270R	252233402	100.000	8	0	0	11	18	489	496	6.6	14.3
InfB_HA_BHA270R	252233401	100.000	8	0	0	11	18	489	496	6.6	14.3
InfB_HA_BHA270R	252233399	100.000	8	0	0	11	18	489	496	6.6	14.3
InfB_HA_BHA270R	252233371	100.000	8	0	0	11	18	489	496	6.6	14.3
InfB_HA_BHA270R	252233358	100.000	8	0	0	11	18	489	496	6.6	14.3
InfB_HA_BHA270R	252233354	100.000	8	0	0	11	18	489	496	6.6	14.3
InfB_HA_BHA270R	252233317	100.000	8	0	0	11	18	489	496	6.6	14.3
InfB_HA_probe_VIC2	252233817	100.000	9	0	0	5	13	253	261	3.3	15.8
InfB_HA_probe_VIC2	252233816	100.000	9	0	0	5	13	253	261	3.3	15.8
InfB_HA_probe_VIC2	252233814	100.000	9	0	0	5	13	253	261	3.3	15.8
InfB_HA_probe_VIC2	252233642	100.000	9	0	0	5	13	253	261	3.3	15.8
InfB_HA_probe_VIC2	252233631	100.000	9	0	0	5	13	253	261	3.3	15.8
InfB_HA_probe_VIC2	252233629	100.000	9	0	0	5	13	253	261	3.3	15.8
InfB_HA_probe_VIC2	252233623	100.000	9	0	0	5	13	253	261	3.3	15.8
InfB_HA_probe_VIC2	252233622	100.000	9	0	0	5	13	253	261	3.3	15.8
InfB_HA_probe_VIC2	252233563	100.000	9	0	0	5	13	253	261	3.3	15.8
InfB_HA_probe_VIC2	252233536	100.000	9	0	0	5	13	253	261	3.3	15.8
InfB_HA_probe_VIC2	252233535	100.000	9	0	0	5	13	253	261	3.3	15.8
InfB_HA_probe_VIC2	252233535	75.000	16	4	0	8	23	855	840	9.9	14.3
InfB_HA_probe_VIC2	252233475	100.000	9	0	0	5	13	253	261	3.3	15.8
InfB_HA_probe_VIC2	252233441	100.000	9	0	0	5	13	253	261	3.3	15.8
InfB_HA_probe_VIC2	252233440	100.000	9	0	0	5	13	253	261	3.3	15.8
InfB_HA_probe_VIC2	252233404	100.000	9	0	0	5	13	253	261	3.3	15.8
InfB_HA_probe_VIC2	252233402	100.000	9	0	0	5	13	253	261	3.3	15.8
InfB_HA_probe_VIC2	252233401	100.000	9	0	0	5	13	253	261	3.3	15.8
InfB_HA_probe_VIC2	252233399	100.000	9	0	0	5	13	253	261	3.3	15.8
InfB_HA_probe_VIC2	252233371	100.000	9	0	0	5	13	253	261	3.3	15.8
InfB_HA_probe_VIC2	252233358	100.000	9	0	0	5	13	253	261	3.3	15.8
InfB_HA_probe_VIC2	252233354	100.000	9	0	0	5	13	253	261	3.3	15.8
InfB_HA_probe_VIC2	252233317	100.000	9	0	0	5	13	253	261	3.3	15.8
InfB_HA_probe_VIC2	252233817	100.000	9	0	0	5	13	253	261	3.3	15.8
InfB_HA_probe_VIC2	252233817	100.000	8	0	0	19	26	47	40	9.9	14.3
InfB_HA_probe_VIC2	252233816	100.000	9	0	0	5	13	253	261	3.3	15.8
InfB_HA_probe_VIC2	252233816	100.000	8	0	0	19	26	47	40	9.9	14.3
InfB_HA_probe_VIC2	252233814	100.000	9	0	0	5	13	253	261	3.3	15.8
InfB_HA_probe_VIC2	252233814	100.000	8	0	0	19	26	47	40	9.9	14.3
InfB_HA_probe_VIC2	252233642	100.000	9	0	0	5	13	253	261	3.3	15.8
InfB_HA_probe_VIC2	252233642	100.000	8	0	0	19	26	47	40	9.9	14.3
InfB_HA_probe_VIC2	252233631	100.000	9	0	0	5	13	253	261	3.3	15.8
InfB_HA_probe_VIC2	252233631	100.000	8	0	0	19	26	47	40	9.9	14.3
InfB_HA_probe_VIC2	252233629	100.000	9	0	0	5	13	253	261	3.3	15.8
InfB_HA_probe_VIC2	252233629	100.000	8	0	0	19	26	47	40	9.9	14.3
InfB_HA_probe_VIC2	252233623	100.000	9	0	0	5	13	253	261	3.3	15.8
InfB_HA_probe_VIC2	252233623	100.000	8	0	0	19	26	47	40	9.9	14.3
InfB_HA_probe_VIC2	252233622	100.000	9	0	0	5	13	253	261	3.3	15.8
InfB_HA_probe_VIC2	252233622	100.000	8	0	0	19	26	47	40	9.9	14.3
InfB_HA_probe_VIC2	252233563	100.000	9	0	0	5	13	253	261	3.3	15.8
InfB_HA_probe_VIC2	252233563	100.000	8	0	0	19	26	47	40	9.9	14.3
InfB_HA_probe_VIC2	252233536	100.000	9	0	0	5	13	253	261	3.3	15.8
InfB_HA_probe_VIC2	252233536	100.000	8	0	0	19	26	47	40	9.9	14.3
InfB_HA_probe_VIC2	252233535	100.000	9	0	0	5	13	253	261	3.3	15.8
InfB_HA_probe_VIC2	252233475	100.000	9	0	0	5	13	253	261	3.3	15.8
InfB_HA_probe_VIC2	252233475	100.000	8	0	0	19	26	47	40	9.9	14.3
InfB_HA_probe_VIC2	252233441	100.000	9	0	0	5	13	253	261	3.3	15.8
InfB_HA_probe_VIC2	252233441	100.000	8	0	0	19	26	47	40	9.9	14.3
InfB_HA_probe_VIC2	252233440	100.000	9	0	0	5	13	253	261	3.3	15.8
InfB_HA_probe_VIC2	252233440	100.000	8	0	0	19	26	47	40	9.9	14.3
InfB_HA_probe_VIC2	252233404	100.000	9	0	0	5	13	253	261	3.3	15.8
InfB_HA_probe_VIC2	252233404	100.000	8	0	0	19	26	47	40	9.9	14.3
InfB_HA_probe_VIC2	252233402	100.000	9	0	0	5	13	253	261	3.3	15.8
InfB_HA_probe_VIC2	252233402	100.000	8	0	0	19	26	47	40	9.9	14.3
InfB_HA_probe_VIC2	252233401	100.000	9	0	0	5	13	253	261	3.3	15.8
InfB_HA_probe_VIC2	252233401	100.000	8	0	0	19	26	47	40	9.9	14.3
InfB_HA_probe_VIC2	252233399	100.000	9	0	0	5	13	253	261	3.3	15.8
InfB_HA_probe_VIC2	252233399	100.000	8	0	0	19	26	47	40	9.9	14.3
InfB_HA_probe_VIC2	252233371	100.000	9	0	0	5	13	253	261	3.3	15.8
InfB_HA_probe_VIC2	252233371	100.000	8	0	0	19	26	47	40	9.9	14.3
InfB_HA_probe_VIC2	252233358	100.000	9	0	0	5	13	253	261	3.3	15.8
InfB_HA_probe_VIC2	252233358	100.000	8	0	0	19	26	47	40	9.9	14.3
InfB_HA_probe_VIC2	252233354	100.000	9	0	0	5	13	253	261	3.3	15.8
InfB_HA_probe_VIC2	252233354	100.000	8	0	0	19	26	47	40	9.9	14.3
InfB_HA_probe_VIC2	252233317	100.000	9	0	0	5	13	253	261	3.3	15.8
InfB_HA_probe_VIC2	252233317	100.000	8	0	0	19	26	47	40	9.9	14.3
InfB_HA_probe_VIC2	252233817	100.000	9	0	0	5	13	253	261	3.3	15.8
InfB_HA_probe_VIC2	252233816	100.000	9	0	0	5	13	253	261	3.3	15.8
InfB_HA_probe_VIC2	252233814	100.000	9	0	0	5	13	253	261	3.3	15.8
InfB_HA_probe_VIC2	252233642	100.000	9	0	0	5	13	253	261	3.3	15.8
InfB_HA_probe_VIC2	252233631	100.000	9	0	0	5	13	253	261	3.3	15.8
InfB_HA_probe_VIC2	252233629	100.000	9	0	0	5	13	253	261	3.3	15.8
InfB_HA_probe_VIC2	252233623	100.000	9	0	0	5	13	253	261	3.3	15.8
InfB_HA_probe_VIC2	252233622	100.000	9	0	0	5	13	253	261	3.3	15.8
InfB_HA_probe_VIC2	252233563	100.000	9	0	0	5	13	253	261	3.3	15.8
InfB_HA_probe_VIC2	252233536	100.000	9	0	0	5	13	253	261	3.3	15.8
InfB_HA_probe_VIC2	252233535	100.000	9	0	0	5	13	253	261	3.3	15.8
InfB_HA_probe_VIC2	252233475	100.000	9	0	0	5	13	253	261	3.3	15.8
InfB_HA_probe_VIC2	252233441	100.000	9	0	0	5	13	253	261	3.3	15.8
InfB_HA_probe_VIC2	252233440	100.000	9	0	0	5	13	253	261	3.3	15.8
InfB_HA_probe_VIC2	252233404	100.000	9	0	0	5	13	253	261	3.3	15.8
InfB_HA_probe_VIC2	252233402	100.000	9	0	0	5	13	253	261	3.3	15.8
InfB_HA_probe_VIC2	252233401	100.000	9	0	0	5	13	253	261	3.3	15.8
InfB_HA_probe_VIC2	252233399	100.000	9	0	0	5	13	253	261	3.3	15.8
InfB_HA_probe_VIC2	252233371	100.000	9	0	0	5	13	253	261	3.3	15.8
InfB_HA_probe_VIC2	252233358	100.000	9	0	0	5	13	253	261	3.3	15.8
InfB_HA_probe_VIC2	252233354	100.000	9	0	0	5	13	253	261	3.3	15.8
InfB_HA_probe_VIC2	252233317	100.000	9	0	0	5	13	253	261	3.3	15.8
InfB_HA_probe_YAM2	252233817	100.000	8	0	0	1	8	451	444	9.9	14.3
InfB_HA_probe_YAM2	252233816	100.000	8	0	0	1	8	451	444	9.9	14.3
InfB_HA_probe_YAM2	252233814	100.000	8	0	0	1	8	451	444	9.9	14.3
InfB_HA_probe_YAM2	252233642	100.000	8	0	0	1	8	451	444	9.9	14.3
InfB_HA_probe_YAM2	252233631	100.000	8	0	0	1	8	451	444	9.9	14.3
InfB_HA_probe_YAM2	252233629	100.000	8	0	0	1	8	451	444	9.9	14.3
InfB_HA_probe_YAM2	252233623	100.000	8	0	0	1	8	451	444	9.9	14.3
InfB_HA_probe_YAM2	252233622	100.000	8	0	0	1	8	451	444	9.9	14.3
InfB_HA_probe_YAM2	252233563	100.000	8	0	0	1	8	451	444	9.9	14.3
InfB_HA_probe_YAM2	252233536	100.000	8	0	0	1	8	451	444	9.9	14.3
InfB_HA_probe_YAM2	252233535	100.000	8	0	0	15	22	274	281	9.9	14.3
InfB_HA_probe_YAM2	252233475	100.000	8	0	0	1	8	451	444	9.9	14.3
InfB_HA_probe_YAM2	252233441	100.000	8	0	0	1	8	451	444	9.9	14.3
InfB_HA_probe_YAM2	252233440	100.000	8	0	0	1	8	451	444	9.9	14.3
InfB_HA_probe_YAM2	252233404	100.000	8	0	0	1	8	451	444	9.9	14.3
InfB_HA_probe_YAM2	252233402	100.000	8	0	0	1	8	451	444	9.9	14.3
InfB_HA_probe_YAM2	252233401	100.000	8	0	0	1	8	451	444	9.9	14.3
InfB_HA_probe_YAM2	252233399	100.000	8	0	0	1	8	451	444	9.9	14.3
InfB_HA_probe_YAM2	252233371	100.000	8	0	0	1	8	451	444	9.9	14.3
InfB_HA_probe_YAM2	252233358	100.000	8	0	0	1	8	451	444	9.9	14.3
InfB_HA_probe_YAM2	252233354	100.000	8	0	0	1	8	451	444	9.9	14.3
InfB_HA_probe_YAM2	252233317	100.000	8	0	0	1	8	451	444	9.9	14.3
InfB_HA_probe_YAM2	252233817	100.000	8	0	0	2	9	158	165	9.9	14.3
InfB_HA_probe_YAM2	252233816	100.000	8	0	0	2	9	158	165	9.9	14.3
InfB_HA_probe_YAM2	252233814	100.000	8	0	0	2	9	158	165	9.9	14.3
InfB_HA_probe_YAM2	252233642	100.000	8	0	0	2	9	158	165	9.9	14.3
InfB_HA_probe_YAM2	252233631	100.000	8	0	0	2	9	158	165	9.9	14.3
InfB_HA_probe_YAM2	252233629	100.000	8	0	0	2	9	158	165	9.9	14.3
InfB_HA_probe_YAM2	252233623	100.000	8	0	0	2	9	158	165	9.9	14.3
InfB_HA_probe_YAM2	252233622	100.000	8	0	0	2	9	158	165	9.9	14.3
InfB_HA_probe_YAM2	252233563	100.000	8	0	0	2	9	158	165	9.9	14.3
InfB_HA_probe_YAM2	252233536	100.000	8	0	0	2	9	158	165	9.9	14.3
InfB_HA_probe_YAM2	252233535	100.000	8	0	0	2	9	158	165	9.9	14.3
InfB_HA_probe_YAM2	252233535	100.000	8	0	0	15	22	274	281	9.9	14.3
InfB_HA_probe_YAM2	252233475	100.000	8	0	0	2	9	158	165	9.9	14.3
InfB_HA_probe_YAM2	252233441	100.000	8	0	0	2	9	158	165	9.9	14.3
InfB_HA_probe_YAM2	252233440	100.000	8	0	0	2	9	158	165	9.9	14.3
InfB_HA_probe_YAM2	252233404	100.000	8	0	0	2	9	158	165	9.9	14.3
InfB_HA_probe_YAM2	252233402	100.000	8	0	0	2	9	158	165	9.9	14.3
InfB_HA_probe_YAM2	252233401	100.000	8	0	0	2	9	158	165	9.9	14.3
InfB_HA_probe_YAM2	252233399	100.000	8	0	0	2	9	158	165	9.9	14.3
InfB_HA_probe_YAM2	252233371	100.000	8	0	0	2	9	158	165	9.9	14.3
InfB_HA_probe_YAM2	252233358	100.000	8	0	0	2	9	158	165	9.9	14.3
InfB_HA_probe_YAM2	252233354	100.000	8	0	0	2	9	158	165	9.9	14.3
InfB_HA_probe_YAM2	252233317	100.000	8	0	0	2	9	158	165	9.9	14.3
InfB_HA_probe_YAM2	252233817	100.000	8	0	0	1	8	451	444	9.9	14.3
InfB_HA_probe_YAM2	252233816	100.000	8	0	0	1	8	451	444	9.9	14.3
InfB_HA_probe_YAM2	252233814	100.000	8	0	0	1	8	451	444	9.9	14.3
InfB_HA_probe_YAM2	252233642	100.000	8	0	0	1	8	451	444	9.9	14.3
InfB_HA_probe_YAM2	252233631	100.000	8	0	0	1	8	451	444	9.9	14.3
InfB_HA_probe_YAM2	252233629	100.000	8	0	0	1	8	451	444	9.9	14.3
InfB_HA_probe_YAM2	252233623	100.000	8	0	0	1	8	451	444	9.9	14.3
InfB_HA_probe_YAM2	252233622	100.000	8	0	0	1	8	451	444	9.9	14.3
InfB_HA_probe_YAM2	252233563	100.000	8	0	0	1	8	451	444	9.9	14.3
InfB_HA_probe_YAM2	252233536	100.000	8	0	0	1	8	451	444	9.9	14.3
InfB_HA_probe_YAM2	252233475	100.000	8	0	0	1	8	451	444	9.9	14.3
InfB_HA_probe_YAM2	252233441	100.000	8	0	0	1	8	451	444	9.9	14.3
InfB_HA_probe_YAM2	252233440	100.000	8	0	0	1	8	451	444	9.9	14.3
InfB_HA_probe_YAM2	252233404	100.000	8	0	0	1	8	451	444	9.9	14.3
InfB_HA_probe_YAM2	252233402	100.000	8	0	0	1	8	451	444	9.9	14.3
InfB_HA_probe_YAM2	252233401	100.000	8	0	0	1	8	451	444	9.9	14.3
InfB_HA_probe_YAM2	252233399	100.000	8	0	0	1	8	451	444	9.9	14.3
InfB_HA_probe_YAM2	252233371	100.000	8	0	0	1	8	451	444	9.9	14.3
InfB_HA_probe_YAM2	252233358	100.000	8	0	0	1	8	451	444	9.9	14.3
InfB_HA_probe_YAM2	252233354	100.000	8	0	0	1	8	451	444	9.9	14.3
InfB_HA_probe_YAM2	252233317	100.000	8	0	0	1	8	451	444	9.9	14.3
InfB_HA_probe_YAM2	252233817	100.000	8	0	0	2	9	158	165	9.9	14.3
InfB_HA_probe_YAM2	252233816	100.000	8	0	0	2	9	158	165	9.9	14.3
InfB_HA_probe_YAM2	252233814	100.000	8	0	0	2	9	158	165	9.9	14.3
InfB_HA_probe_YAM2	252233642	100.000	8	0	0	2	9	158	165	9.9	14.3
InfB_HA_probe_YAM2	252233631	100.000	8	0	0	2	9	158	165	9.9	14.3
InfB_HA_probe_YAM2	252233629	100.000	8	0	0	2	9	158	165	9.9	14.3
InfB_HA_probe_YAM2	252233623	100.000	8	0	0	2	9	158	165	9.9	14.3
InfB_HA_probe_YAM2	252233622	100.000	8	0	0	2	9	158	165	9.9	14.3
InfB_HA_probe_YAM2	252233563	100.000	8	0	0	2	9	158	165	9.9	14.3
InfB_HA_probe_YAM2	252233536	100.000	8	0	0	2	9	158	165	9.9	14.3
InfB_HA_probe_YAM2	252233535	100.000	8	0	0	2	9	158	165	9.9	14.3
InfB_HA_probe_YAM2	252233475	100.000	8	0	0	2	9	158	165	9.9	14.3
InfB_HA_probe_YAM2	252233441	100.000	8	0	0	2	9	158	165	9.9	14.3
InfB_HA_probe_YAM2	252233440	100.000	8	0	0	2	9	158	165	9.9	14.3
InfB_HA_probe_YAM2	252233404	100.000	8	0	0	2	9	158	165	9.9	14.3
InfB_HA_probe_YAM2	252233402	100.000	8	0	0	2	9	158	165	9.9	14.3
InfB_HA_probe_YAM2	252233401	100.000	8	0	0	2	9	158	165	9.9	14.3
InfB_HA_probe_YAM2	252233399	100.000	8	0	0	2	9	158	165	9.9	14.3
InfB_HA_probe_YAM2	252233371	100.000	8	0	0	2	9	158	165	9.9	14.3
InfB_HA_probe_YAM2	252233358	100.000	8	0	0	2	9	158	165	9.9	14.3
InfB_HA_probe_YAM2	252233354	100.000	8	0	0	2	9	158	165	9.9	14.3
InfB_HA_probe_YAM2	252233317	100.000	8	0	0	2	9	158	165	9.9	14.3
InfA_MA_InfA_For1	252233535	96.000	25	1	0	1	25	156	180	6.96e-07	37.9
InfA_MA_InfA_For1	252233535	90.000	10	1	0	6	15	420	411	8.8	14.3
InfA_MA_InfA_For1	252233817	92.000	25	2	0	1	25	156	180	6.16e-06	34.7
InfA_MA_InfA_For1	252233817	100.000	8	0	0	5	12	518	525	8.8	14.3
InfA_MA_InfA_For1	252233816	92.000	25	2	0	1	25	156	180	6.16e-06	34.7
InfA_MA_InfA_For1	252233816	100.000	8	0	0	5	12	518	525	8.8	14.3
InfA_MA_InfA_For1	252233814	92.000	25	2	0	1	25	156	180	6.16e-06	34.7
InfA_MA_InfA_For1	252233814	100.000	8	0	0	5	12	518	525	8.8	14.3
InfA_MA_InfA_For1	252233642	92.000	25	2	0	1	25	156	180	6.16e-06	34.7
InfA_MA_InfA_For1	252233642	100.000	8	0	0	5	12	518	525	8.8	14.3
InfA_MA_InfA_For1	252233631	92.000	25	2	0	1	25	156	180	6.16e-06	34.7
InfA_MA_InfA_For1	252233631	100.000	8	0	0	5	12	518	525	8.8	14.3
InfA_MA_InfA_For1	252233629	92.000	25	2	0	1	25	156	180	6.16e-06	34.7
InfA_MA_InfA_For1	252233629	100.000	8	0	0	5	12	518	525	8.8	14.3
InfA_MA_InfA_For1	252233623	92.000	25	2	0	1	25	156	180	6.16e-06	34.7
InfA_MA_InfA_For1	252233623	100.000	8	0	0	5	12	518	525	8.8	14.3
InfA_MA_InfA_For1	252233622	92.000	25	2	0	1	25	156	180	6.16e-06	34.7
InfA_MA_InfA_For1	252233622	100.000	8	0	0	5	12	518	525	8.8	14.3
InfA_MA_InfA_For1	252233563	92.000	25	2	0	1	25	156	180	6.16e-06	34.7
InfA_MA_InfA_For1	252233563	100.000	8	0	0	5	12	518	525	8.8	14.3
InfA_MA_InfA_For1	252233536	92.000	25	2	0	1	25	156	180	6.16e-06	34.7
InfA_MA_InfA_For1	252233536	100.000	8	0	0	5	12	518	525	8.8	14.3
InfA_MA_InfA_For1	252233475	92.000	25	2	0	1	25	156	180	6.16e-06	34.7
InfA_MA_InfA_For1	252233475	100.000	8	0	0	5	12	518	525	8.8	14.3
InfA_MA_InfA_For1	252233441	92.000	25	2	0	1	25	156	180	6.16e-06	34.7
InfA_MA_InfA_For1	252233441	100.000	8	0	0	5	12	518	525	8.8	14.3
InfA_MA_InfA_For1	252233440	92.000	25	2	0	1	25	156	180	6.16e-06	34.7
InfA_MA_InfA_For1	252233440	100.000	8	0	0	5	12	518	525	8.8	14.3
InfA_MA_InfA_For1	252233404	92.000	25	2	0	1	25	156	180	6.16e-06	34.7
InfA_MA_InfA_For1	252233404	100.000	8	0	0	5	12	518	525	8.8	14.3
InfA_MA_InfA_For1	252233402	92.000	25	2	0	1	25	156	180	6.16e-06	34.7
InfA_MA_InfA_For1	252233402	100.000	8	0	0	5	12	518	525	8.8	14.3
InfA_MA_InfA_For1	252233401	92.000	25	2	0	1	25	156	180	6.16e-06	34.7
InfA_MA_InfA_For1	252233401	100.000	8	0	0	5	12	518	525	8.8	14.3
InfA_MA_InfA_For1	252233399	92.000	25	2	0	1	25	156	180	6.16e-06	34.7
InfA_MA_InfA_For1	252233399	100.000	8	0	0	5	12	518	525	8.8	14.3
InfA_MA_InfA_For1	252233371	92.000	25	2	0	1	25	156	180	6.16e-06	34.7
InfA_MA_InfA_For1	252233371	100.000	8	0	0	5	12	518	525	8.8	14.3
InfA_MA_InfA_For1	252233358	92.000	25	2	0	1	25	156	180	6.16e-06	34.7
InfA_MA_InfA_For1	252233358	100.000	8	0	0	5	12	518	525	8.8	14.3
InfA_MA_InfA_For1	252233354	92.000	25	2	0	1	25	156	180	6.16e-06	34.7
InfA_MA_InfA_For1	252233354	100.000	8	0	0	5	12	518	525	8.8	14.3
InfA_MA_InfA_For1	252233317	92.000	25	2	0	1	25	156	180	6.16e-06	34.7
InfA_MA_InfA_For1	252233317	100.000	8	0	0	5	12	518	525	8.8	14.3
InfA_MA_InfA_For1	252233535	100.000	25	0	0	1	25	156	180	7.87e-08	41.0
InfA_MA_InfA_For1	252233535	75.000	16	4	0	1	16	169	154	8.8	14.3
InfA_MA_InfA_For1	252233817	88.000	25	3	0	1	25	156	180	5.45e-05	31.6
InfA_MA_InfA_For1	252233816	88.000	25	3	0	1	25	156	180	5.45e-05	31.6
InfA_MA_InfA_For1	252233814	88.000	25	3	0	1	25	156	180	5.45e-05	31.6
InfA_MA_InfA_For1	252233642	88.000	25	3	0	1	25	156	180	5.45e-05	31.6
InfA_MA_InfA_For1	252233631	88.000	25	3	0	1	25	156	180	5.45e-05	31.6
InfA_MA_InfA_For1	252233629	88.000	25	3	0	1	25	156	180	5.45e-05	31.6
InfA_MA_InfA_For1	252233623	88.000	25	3	0	1	25	156	180	5.45e-05	31.6
InfA_MA_InfA_For1	252233622	88.000	25	3	0	1	25	156	180	5.45e-05	31.6
InfA_MA_InfA_For1	252233563	88.000	25	3	0	1	25	156	180	5.45e-05	31.6
InfA_MA_InfA_For1	252233536	88.000	25	3	0	1	25	156	180	5.45e-05	31.6
InfA_MA_InfA_For1	252233475	88.000	25	3	0	1	25	156	180	5.45e-05	31.6
InfA_MA_InfA_For1	252233441	88.000	25	3	0	1	25	156	180	5.45e-05	31.6
InfA_MA_InfA_For1	252233440	88.000	25	3	0	1	25	156	180	5.45e-05	31.6
InfA_MA_InfA_For1	252233404	88.000	25	3	0	1	25	156	180	5.45e-05	31.6
InfA_MA_InfA_For1	252233402	88.000	25	3	0	1	25	156	180	5.45e-05	31.6
InfA_MA_InfA_For1	252233401	88.000	25	3	0	1	25	156	180	5.45e-05	31.6
InfA_MA_InfA_For1	252233399	88.000	25	3	0	1	25	156	180	5.45e-05	31.6
InfA_MA_InfA_For1	252233371	88.000	25	3	0	1	25	156	180	5.45e-05	31.6
InfA_MA_InfA_For1	252233358	88.000	25	3	0	1	25	156	180	5.45e-05	31.6
InfA_MA_InfA_For1	252233354	88.000	25	3	0	1	25	156	180	5.45e-05	31.6
InfA_MA_InfA_For1	252233317	88.000	25	3	0	1	25	156	180	5.45e-05	31.6
InfA_MA_InfA_For2	252233535	96.000	25	1	0	1	25	156	180	6.96e-07	37.9
InfA_MA_InfA_For2	252233535	90.000	10	1	0	6	15	420	411	8.8	14.3
InfA_MA_InfA_For2	252233817	92.000	25	2	0	1	25	156	180	6.16e-06	34.7
InfA_MA_InfA_For2	252233817	100.000	8	0	0	5	12	518	525	8.8	14.3
InfA_MA_InfA_For2	252233816	92.000	25	2	0	1	25	156	180	6.16e-06	34.7
InfA_MA_InfA_For2	252233816	100.000	8	0	0	5	12	518	525	8.8	14.3
InfA_MA_InfA_For2	252233814	92.000	25	2	0	1	25	156	180	6.16e-06	34.7
InfA_MA_InfA_For2	252233814	100.000	8	0	0	5	12	518	525	8.8	14.3
InfA_MA_InfA_For2	252233642	92.000	25	2	0	1	25	156	180	6.16e-06	34.7
InfA_MA_InfA_For2	252233642	100.000	8	0	0	5	12	518	525	8.8	14.3
InfA_MA_InfA_For2	252233631	92.000	25	2	0	1	25	156	180	6.16e-06	34.7
InfA_MA_InfA_For2	252233631	100.000	8	0	0	5	12	518	525	8.8	14.3
InfA_MA_InfA_For2	252233629	92.000	25	2	0	1	25	156	180	6.16e-06	34.7
InfA_MA_InfA_For2	252233629	100.000	8	0	0	5	12	518	525	8.8	14.3
InfA_MA_InfA_For2	252233623	92.000	25	2	0	1	25	156	180	6.16e-06	34.7
InfA_MA_InfA_For2	252233623	100.000	8	0	0	5	12	518	525	8.8	14.3
InfA_MA_InfA_For2	252233622	92.000	25	2	0	1	25	156	180	6.16e-06	34.7
InfA_MA_InfA_For2	252233622	100.000	8	0	0	5	12	518	525	8.8	14.3
InfA_MA_InfA_For2	252233563	92.000	25	2	0	1	25	156	180	6.16e-06	34.7
InfA_MA_InfA_For2	252233563	100.000	8	0	0	5	12	518	525	8.8	14.3
InfA_MA_InfA_For2	252233536	92.000	25	2	0	1	25	156	180	6.16e-06	34.7
InfA_MA_InfA_For2	252233536	100.000	8	0	0	5	12	518	525	8.8	14.3
InfA_MA_InfA_For2	252233475	92.000	25	2	0	1	25	156	180	6.16e-06	34.7
InfA_MA_InfA_For2	252233475	100.000	8	0	0	5	12	518	525	8.8	14.3
InfA_MA_InfA_For2	252233441	92.000	25	2	0	1	25	156	180	6.16e-06	34.7
InfA_MA_InfA_For2	252233441	100.000	8	0	0	5	12	518	525	8.8	14.3
InfA_MA_InfA_For2	252233440	92.000	25	2	0	1	25	156	180	6.16e-06	34.7
InfA_MA_InfA_For2	252233440	100.000	8	0	0	5	12	518	525	8.8	14.3
InfA_MA_InfA_For2	252233404	92.000	25	2	0	1	25	156	180	6.16e-06	34.7
InfA_MA_InfA_For2	252233404	100.000	8	0	0	5	12	518	525	8.8	14.3
InfA_MA_InfA_For2	252233402	92.000	25	2	0	1	25	156	180	6.16e-06	34.7
InfA_MA_InfA_For2	252233402	100.000	8	0	0	5	12	518	525	8.8	14.3
InfA_MA_InfA_For2	252233401	92.000	25	2	0	1	25	156	180	6.16e-06	34.7
InfA_MA_InfA_For2	252233401	100.000	8	0	0	5	12	518	525	8.8	14.3
InfA_MA_InfA_For2	252233399	92.000	25	2	0	1	25	156	180	6.16e-06	34.7
InfA_MA_InfA_For2	252233399	100.000	8	0	0	5	12	518	525	8.8	14.3
InfA_MA_InfA_For2	252233371	92.000	25	2	0	1	25	156	180	6.16e-06	34.7
InfA_MA_InfA_For2	252233371	100.000	8	0	0	5	12	518	525	8.8	14.3
InfA_MA_InfA_For2	252233358	92.000	25	2	0	1	25	156	180	6.16e-06	34.7
InfA_MA_InfA_For2	252233358	100.000	8	0	0	5	12	518	525	8.8	14.3
InfA_MA_InfA_For2	252233354	92.000	25	2	0	1	25	156	180	6.16e-06	34.7
InfA_MA_InfA_For2	252233354	100.000	8	0	0	5	12	518	525	8.8	14.3
InfA_MA_InfA_For2	252233317	92.000	25	2	0	1	25	156	180	6.16e-06	34.7
InfA_MA_InfA_For2	252233317	100.000	8	0	0	5	12	518	525	8.8	14.3
InfA_MA_InfA_For2	252233817	96.000	25	1	0	1	25	156	180	6.96e-07	37.9
InfA_MA_InfA_For2	252233817	100.000	8	0	0	6	13	990	983	8.8	14.3
InfA_MA_InfA_For2	252233816	96.000	25	1	0	1	25	156	180	6.96e-07	37.9
InfA_MA_InfA_For2	252233816	100.000	8	0	0	6	13	990	983	8.8	14.3
InfA_MA_InfA_For2	252233814	96.000	25	1	0	1	25	156	180	6.96e-07	37.9
InfA_MA_InfA_For2	252233814	100.000	8	0	0	6	13	990	983	8.8	14.3
InfA_MA_InfA_For2	252233642	96.000	25	1	0	1	25	156	180	6.96e-07	37.9
InfA_MA_InfA_For2	252233642	100.000	8	0	0	6	13	990	983	8.8	14.3
InfA_MA_InfA_For2	252233631	96.000	25	1	0	1	25	156	180	6.96e-07	37.9
InfA_MA_InfA_For2	252233631	100.000	8	0	0	6	13	990	983	8.8	14.3
InfA_MA_InfA_For2	252233629	96.000	25	1	0	1	25	156	180	6.96e-07	37.9
InfA_MA_InfA_For2	252233629	100.000	8	0	0	6	13	990	983	8.8	14.3
InfA_MA_InfA_For2	252233623	96.000	25	1	0	1	25	156	180	6.96e-07	37.9
InfA_MA_InfA_For2	252233623	100.000	8	0	0	6	13	990	983	8.8	14.3
InfA_MA_InfA_For2	252233622	96.000	25	1	0	1	25	156	180	6.96e-07	37.9
InfA_MA_InfA_For2	252233622	100.000	8	0	0	6	13	990	983	8.8	14.3
InfA_MA_InfA_For2	252233563	96.000	25	1	0	1	25	156	180	6.96e-07	37.9
InfA_MA_InfA_For2	252233563	100.000	8	0	0	6	13	990	983	8.8	14.3
InfA_MA_InfA_For2	252233536	96.000	25	1	0	1	25	156	180	6.96e-07	37.9
InfA_MA_InfA_For2	252233536	100.000	8	0	0	6	13	990	983	8.8	14.3
InfA_MA_InfA_For2	252233475	96.000	25	1	0	1	25	156	180	6.96e-07	37.9
InfA_MA_InfA_For2	252233475	100.000	8	0	0	6	13	990	983	8.8	14.3
InfA_MA_InfA_For2	252233441	96.000	25	1	0	1	25	156	180	6.96e-07	37.9
InfA_MA_InfA_For2	252233440	96.000	25	1	0	1	25	156	180	6.96e-07	37.9
InfA_MA_InfA_For2	252233404	96.000	25	1	0	1	25	156	180	6.96e-07	37.9
InfA_MA_InfA_For2	252233404	100.000	8	0	0	6	13	990	983	8.8	14.3
InfA_MA_InfA_For2	252233402	96.000	25	1	0	1	25	156	180	6.96e-07	37.9
InfA_MA_InfA_For2	252233402	100.000	8	0	0	6	13	990	983	8.8	14.3
InfA_MA_InfA_For2	252233401	96.000	25	1	0	1	25	156	180	6.96e-07	37.9
InfA_MA_InfA_For2	252233401	100.000	8	0	0	6	13	990	983	8.8	14.3
InfA_MA_InfA_For2	252233399	96.000	25	1	0	1	25	156	180	6.96e-07	37.9
InfA_MA_InfA_For2	252233399	100.000	8	0	0	6	13	990	983	8.8	14.3
InfA_MA_InfA_For2	252233371	96.000	25	1	0	1	25	156	180	6.96e-07	37.9
InfA_MA_InfA_For2	252233371	100.000	8	0	0	6	13	990	983	8.8	14.3
InfA_MA_InfA_For2	252233358	96.000	25	1	0	1	25	156	180	6.96e-07	37.9
InfA_MA_InfA_For2	252233358	100.000	8	0	0	6	13	990	983	8.8	14.3
InfA_MA_InfA_For2	252233354	96.000	25	1	0	1	25	156	180	6.96e-07	37.9
InfA_MA_InfA_For2	252233354	100.000	8	0	0	6	13	990	983	8.8	14.3
InfA_MA_InfA_For2	252233317	96.000	25	1	0	1	25	156	180	6.96e-07	37.9
InfA_MA_InfA_For2	252233317	100.000	8	0	0	6	13	990	983	8.8	14.3
InfA_MA_InfA_For2	252233535	92.000	25	2	0	1	25	156	180	6.16e-06	34.7
InfA_MA_InfA_For2	252233817	96.000	25	1	0	1	25	156	180	6.96e-07	37.9
InfA_MA_InfA_For2	252233817	100.000	8	0	0	5	12	518	525	8.8	14.3
InfA_MA_InfA_For2	252233816	96.000	25	1	0	1	25	156	180	6.96e-07	37.9
InfA_MA_InfA_For2	252233816	100.000	8	0	0	5	12	518	525	8.8	14.3
InfA_MA_InfA_For2	252233814	96.000	25	1	0	1	25	156	180	6.96e-07	37.9
InfA_MA_InfA_For2	252233814	100.000	8	0	0	5	12	518	525	8.8	14.3
InfA_MA_InfA_For2	252233642	96.000	25	1	0	1	25	156	180	6.96e-07	37.9
InfA_MA_InfA_For2	252233642	100.000	8	0	0	5	12	518	525	8.8	14.3
InfA_MA_InfA_For2	252233631	96.000	25	1	0	1	25	156	180	6.96e-07	37.9
InfA_MA_InfA_For2	252233631	100.000	8	0	0	5	12	518	525	8.8	14.3
InfA_MA_InfA_For2	252233629	96.000	25	1	0	1	25	156	180	6.96e-07	37.9
InfA_MA_InfA_For2	252233629	100.000	8	0	0	5	12	518	525	8.8	14.3
InfA_MA_InfA_For2	252233623	96.000	25	1	0	1	25	156	180	6.96e-07	37.9
InfA_MA_InfA_For2	252233623	100.000	8	0	0	5	12	518	525	8.8	14.3
InfA_MA_InfA_For2	252233622	96.000	25	1	0	1	25	156	180	6.96e-07	37.9
InfA_MA_InfA_For2	252233622	100.000	8	0	0	5	12	518	525	8.8	14.3
InfA_MA_InfA_For2	252233563	96.000	25	1	0	1	25	156	180	6.96e-07	37.9
InfA_MA_InfA_For2	252233563	100.000	8	0	0	5	12	518	525	8.8	14.3
InfA_MA_InfA_For2	252233536	96.000	25	1	0	1	25	156	180	6.96e-07	37.9
InfA_MA_InfA_For2	252233536	100.000	8	0	0	5	12	518	525	8.8	14.3
InfA_MA_InfA_For2	252233475	96.000	25	1	0	1	25	156	180	6.96e-07	37.9
InfA_MA_InfA_For2	252233475	100.000	8	0	0	5	12	518	525	8.8	14.3
InfA_MA_InfA_For2	252233441	96.000	25	1	0	1	25	156	180	6.96e-07	37.9
InfA_MA_InfA_For2	252233441	100.000	8	0	0	5	12	518	525	8.8	14.3
InfA_MA_InfA_For2	252233440	96.000	25	1	0	1	25	156	180	6.96e-07	37.9
InfA_MA_InfA_For2	252233440	100.000	8	0	0	5	12	518	525	8.8	14.3
InfA_MA_InfA_For2	252233404	96.000	25	1	0	1	25	156	180	6.96e-07	37.9
InfA_MA_InfA_For2	252233404	100.000	8	0	0	5	12	518	525	8.8	14.3
InfA_MA_InfA_For2	252233402	96.000	25	1	0	1	25	156	180	6.96e-07	37.9
InfA_MA_InfA_For2	252233402	100.000	8	0	0	5	12	518	525	8.8	14.3
InfA_MA_InfA_For2	252233401	96.000	25	1	0	1	25	156	180	6.96e-07	37.9
InfA_MA_InfA_For2	252233401	100.000	8	0	0	5	12	518	525	8.8	14.3
InfA_MA_InfA_For2	252233399	96.000	25	1	0	1	25	156	180	6.96e-07	37.9
InfA_MA_InfA_For2	252233399	100.000	8	0	0	5	12	518	525	8.8	14.3
InfA_MA_InfA_For2	252233371	96.000	25	1	0	1	25	156	180	6.96e-07	37.9
InfA_MA_InfA_For2	252233371	100.000	8	0	0	5	12	518	525	8.8	14.3
InfA_MA_InfA_For2	252233358	96.000	25	1	0	1	25	156	180	6.96e-07	37.9
InfA_MA_InfA_For2	252233358	100.000	8	0	0	5	12	518	525	8.8	14.3
InfA_MA_InfA_For2	252233354	96.000	25	1	0	1	25	156	180	6.96e-07	37.9
InfA_MA_InfA_For2	252233354	100.000	8	0	0	5	12	518	525	8.8	14.3
InfA_MA_InfA_For2	252233317	96.000	25	1	0	1	25	156	180	6.96e-07	37.9
InfA_MA_InfA_For2	252233317	100.000	8	0	0	5	12	518	525	8.8	14.3
InfA_MA_InfA_For2	252233535	92.000	25	2	0	1	25	156	180	6.16e-06	34.7
InfA_MA_InfA_For2	252233535	90.000	10	1	0	6	15	420	411	8.8	14.3
InfA_MA_InfA_For2	252233817	100.000	25	0	0	1	25	156	180	7.87e-08	41.0
InfA_MA_InfA_For2	252233817	100.000	8	0	0	6	13	990	983	8.8	14.3
InfA_MA_InfA_For2	252233816	100.000	25	0	0	1	25	156	180	7.87e-08	41.0
InfA_MA_InfA_For2	252233816	100.000	8	0	0	6	13	990	983	8.8	14.3
InfA_MA_InfA_For2	252233814	100.000	25	0	0	1	25	156	180	7.87e-08	41.0
InfA_MA_InfA_For2	252233814	100.000	8	0	0	6	13	990	983	8.8	14.3
InfA_MA_InfA_For2	252233642	100.000	25	0	0	1	25	156	180	7.87e-08	41.0
InfA_MA_InfA_For2	252233642	100.000	8	0	0	6	13	990	983	8.8	14.3
InfA_MA_InfA_For2	252233631	100.000	25	0	0	1	25	156	180	7.87e-08	41.0
InfA_MA_InfA_For2	252233631	100.000	8	0	0	6	13	990	983	8.8	14.3
InfA_MA_InfA_For2	252233629	100.000	25	0	0	1	25	156	180	7.87e-08	41.0
InfA_MA_InfA_For2	252233629	100.000	8	0	0	6	13	990	983	8.8	14.3
InfA_MA_InfA_For2	252233623	100.000	25	0	0	1	25	156	180	7.87e-08	41.0
InfA_MA_InfA_For2	252233623	100.000	8	0	0	6	13	990	983	8.8	14.3
InfA_MA_InfA_For2	252233622	100.000	25	0	0	1	25	156	180	7.87e-08	41.0
InfA_MA_InfA_For2	252233622	100.000	8	0	0	6	13	990	983	8.8	14.3
InfA_MA_InfA_For2	252233563	100.000	25	0	0	1	25	156	180	7.87e-08	41.0
InfA_MA_InfA_For2	252233563	100.000	8	0	0	6	13	990	983	8.8	14.3
InfA_MA_InfA_For2	252233536	100.000	25	0	0	1	25	156	180	7.87e-08	41.0
InfA_MA_InfA_For2	252233536	100.000	8	0	0	6	13	990	983	8.8	14.3
InfA_MA_InfA_For2	252233475	100.000	25	0	0	1	25	156	180	7.87e-08	41.0
InfA_MA_InfA_For2	252233475	100.000	8	0	0	6	13	990	983	8.8	14.3
InfA_MA_InfA_For2	252233441	100.000	25	0	0	1	25	156	180	7.87e-08	41.0
InfA_MA_InfA_For2	252233440	100.000	25	0	0	1	25	156	180	7.87e-08	41.0
InfA_MA_InfA_For2	252233404	100.000	25	0	0	1	25	156	180	7.87e-08	41.0
InfA_MA_InfA_For2	252233404	100.000	8	0	0	6	13	990	983	8.8	14.3
InfA_MA_InfA_For2	252233402	100.000	25	0	0	1	25	156	180	7.87e-08	41.0
InfA_MA_InfA_For2	252233402	100.000	8	0	0	6	13	990	983	8.8	14.3
InfA_MA_InfA_For2	252233401	100.000	25	0	0	1	25	156	180	7.87e-08	41.0
InfA_MA_InfA_For2	252233401	100.000	8	0	0	6	13	990	983	8.8	14.3
InfA_MA_InfA_For2	252233399	100.000	25	0	0	1	25	156	180	7.87e-08	41.0
InfA_MA_InfA_For2	252233399	100.000	8	0	0	6	13	990	983	8.8	14.3
InfA_MA_InfA_For2	252233371	100.000	25	0	0	1	25	156	180	7.87e-08	41.0
InfA_MA_InfA_For2	252233371	100.000	8	0	0	6	13	990	983	8.8	14.3
InfA_MA_InfA_For2	252233358	100.000	25	0	0	1	25	156	180	7.87e-08	41.0
InfA_MA_InfA_For2	252233358	100.000	8	0	0	6	13	990	983	8.8	14.3
InfA_MA_InfA_For2	252233354	100.000	25	0	0	1	25	156	180	7.87e-08	41.0
InfA_MA_InfA_For2	252233354	100.000	8	0	0	6	13	990	983	8.8	14.3
InfA_MA_InfA_For2	252233317	100.000	25	0	0	1	25	156	180	7.87e-08	41.0
InfA_MA_InfA_For2	252233317	100.000	8	0	0	6	13	990	983	8.8	14.3
InfA_MA_InfA_For2	252233535	88.000	25	3	0	1	25	156	180	5.45e-05	31.6
InfA_MA_InfA_Rev1	252233817	95.652	23	1	0	1	23	261	239	4.62e-06	34.7
InfA_MA_InfA_Rev1	252233817	100.000	10	0	0	7	16	291	300	0.74	17.4
InfA_MA_InfA_Rev1	252233817	90.000	10	1	0	12	21	847	856	6.6	14.3
InfA_MA_InfA_Rev1	252233816	95.652	23	1	0	1	23	261	239	4.62e-06	34.7
InfA_MA_InfA_Rev1	252233816	100.000	10	0	0	7	16	291	300	0.74	17.4
InfA_MA_InfA_Rev1	252233816	90.000	10	1	0	12	21	847	856	6.6	14.3
InfA_MA_InfA_Rev1	252233814	95.652	23	1	0	1	23	261	239	4.62e-06	34.7
InfA_MA_InfA_Rev1	252233814	100.000	10	0	0	7	16	291	300	0.74	17.4
InfA_MA_InfA_Rev1	252233814	90.000	10	1	0	12	21	847	856	6.6	14.3
InfA_MA_InfA_Rev1	252233642	95.652	23	1	0	1	23	261	239	4.62e-06	34.7
InfA_MA_InfA_Rev1	252233642	100.000	10	0	0	7	16	291	300	0.74	17.4
InfA_MA_InfA_Rev1	252233642	90.000	10	1	0	12	21	847	856	6.6	14.3
InfA_MA_InfA_Rev1	252233642	100.000	8	0	0	1	8	949	942	6.6	14.3
InfA_MA_InfA_Rev1	252233631	95.652	23	1	0	1	23	261	239	4.62e-06	34.7
InfA_MA_InfA_Rev1	252233631	100.000	10	0	0	7	16	291	300	0.74	17.4
InfA_MA_InfA_Rev1	252233631	90.000	10	1	0	12	21	847	856	6.6	14.3
InfA_MA_InfA_Rev1	252233629	95.652	23	1	0	1	23	261	239	4.62e-06	34.7
InfA_MA_InfA_Rev1	252233629	100.000	10	0	0	7	16	291	300	0.74	17.4
InfA_MA_InfA_Rev1	252233629	90.000	10	1	0	12	21	847	856	6.6	14.3
InfA_MA_InfA_Rev1	252233563	95.652	23	1	0	1	23	261	239	4.62e-06	34.7
InfA_MA_InfA_Rev1	252233563	100.000	10	0	0	7	16	291	300	0.74	17.4
InfA_MA_InfA_Rev1	252233563	90.000	10	1	0	12	21	847	856	6.6	14.3
InfA_MA_InfA_Rev1	252233536	95.652	23	1	0	1	23	261	239	4.62e-06	34.7
InfA_MA_InfA_Rev1	252233536	100.000	10	0	0	7	16	291	300	0.74	17.4
InfA_MA_InfA_Rev1	252233536	90.000	10	1	0	12	21	847	856	6.6	14.3
InfA_MA_InfA_Rev1	252233475	95.652	23	1	0	1	23	261	239	4.62e-06	34.7
InfA_MA_InfA_Rev1	252233475	100.000	10	0	0	7	16	291	300	0.74	17.4
InfA_MA_InfA_Rev1	252233475	90.000	10	1	0	12	21	847	856	6.6	14.3
InfA_MA_InfA_Rev1	252233475	100.000	8	0	0	1	8	949	942	6.6	14.3
InfA_MA_InfA_Rev1	252233441	95.652	23	1	0	1	23	261	239	4.62e-06	34.7
InfA_MA_InfA_Rev1	252233441	100.000	10	0	0	7	16	291	300	0.74	17.4
InfA_MA_InfA_Rev1	252233441	90.000	10	1	0	12	21	847	856	6.6	14.3
InfA_MA_InfA_Rev1	252233441	100.000	8	0	0	1	8	949	942	6.6	14.3
InfA_MA_InfA_Rev1	252233440	95.652	23	1	0	1	23	261	239	4.62e-06	34.7
InfA_MA_InfA_Rev1	252233440	100.000	10	0	0	7	16	291	300	0.74	17.4
InfA_MA_InfA_Rev1	252233440	90.000	10	1	0	12	21	847	856	6.6	14.3
InfA_MA_InfA_Rev1	252233440	100.000	8	0	0	1	8	949	942	6.6	14.3
InfA_MA_InfA_Rev1	252233404	95.652	23	1	0	1	23	261	239	4.62e-06	34.7
InfA_MA_InfA_Rev1	252233404	100.000	10	0	0	7	16	291	300	0.74	17.4
InfA_MA_InfA_Rev1	252233404	90.000	10	1	0	12	21	847	856	6.6	14.3
InfA_MA_InfA_Rev1	252233402	95.652	23	1	0	1	23	261	239	4.62e-06	34.7
InfA_MA_InfA_Rev1	252233402	100.000	10	0	0	7	16	291	300	0.74	17.4
InfA_MA_InfA_Rev1	252233402	90.000	10	1	0	12	21	847	856	6.6	14.3
InfA_MA_InfA_Rev1	252233401	95.652	23	1	0	1	23	261	239	4.62e-06	34.7
InfA_MA_InfA_Rev1	252233401	100.000	10	0	0	7	16	291	300	0.74	17.4
InfA_MA_InfA_Rev1	252233401	90.000	10	1	0	12	21	847	856	6.6	14.3
InfA_MA_InfA_Rev1	252233399	95.652	23	1	0	1	23	261	239	4.62e-06	34.7
InfA_MA_InfA_Rev1	252233399	100.000	10	0	0	7	16	291	300	0.74	17.4
InfA_MA_InfA_Rev1	252233399	90.000	10	1	0	12	21	847	856	6.6	14.3
InfA_MA_InfA_Rev1	252233371	95.652	23	1	0	1	23	261	239	4.62e-06	34.7
InfA_MA_InfA_Rev1	252233371	100.000	10	0	0	7	16	291	300	0.74	17.4
InfA_MA_InfA_Rev1	252233371	90.909	11	1	0	12	22	847	857	2.2	15.8
InfA_MA_InfA_Rev1	252233358	95.652	23	1	0	1	23	261	239	4.62e-06	34.7
InfA_MA_InfA_Rev1	252233358	100.000	10	0	0	7	16	291	300	0.74	17.4
InfA_MA_InfA_Rev1	252233358	90.000	10	1	0	12	21	847	856	6.6	14.3
InfA_MA_InfA_Rev1	252233354	95.652	23	1	0	1	23	261	239	4.62e-06	34.7
InfA_MA_InfA_Rev1	252233354	100.000	10	0	0	7	16	291	300	0.74	17.4
InfA_MA_InfA_Rev1	252233354	90.000	10	1	0	12	21	847	856	6.6	14.3
InfA_MA_InfA_Rev1	252233317	95.652	23	1	0	1	23	261	239	4.62e-06	34.7
InfA_MA_InfA_Rev1	252233317	100.000	10	0	0	7	16	291	300	0.74	17.4
InfA_MA_InfA_Rev1	252233317	90.909	11	1	0	12	22	847	857	2.2	15.8
InfA_MA_InfA_Rev1	252233623	91.304	23	2	0	1	23	261	239	4.08e-05	31.6
InfA_MA_InfA_Rev1	252233623	100.000	10	0	0	7	16	291	300	0.74	17.4
InfA_MA_InfA_Rev1	252233623	90.000	10	1	0	12	21	847	856	6.6	14.3
InfA_MA_InfA_Rev1	252233622	91.304	23	2	0	1	23	261	239	4.08e-05	31.6
InfA_MA_InfA_Rev1	252233622	100.000	10	0	0	7	16	291	300	0.74	17.4
InfA_MA_InfA_Rev1	252233622	90.000	10	1	0	12	21	847	856	6.6	14.3
InfA_MA_InfA_Rev1	252233535	91.304	23	2	0	1	23	261	239	4.08e-05	31.6
InfA_MA_InfA_Rev1	252233817	100.000	23	0	0	1	23	261	239	5.22e-07	37.9
InfA_MA_InfA_Rev1	252233817	100.000	10	0	0	7	16	291	300	0.74	17.4
InfA_MA_InfA_Rev1	252233817	90.000	10	1	0	12	21	847	856	6.6	14.3
InfA_MA_InfA_Rev1	252233816	100.000	23	0	0	1	23	261	239	5.22e-07	37.9
InfA_MA_InfA_Rev1	252233816	100.000	10	0	0	7	16	291	300	0.74	17.4
InfA_MA_InfA_Rev1	252233816	90.000	10	1	0	12	21	847	856	6.6	14.3
InfA_MA_InfA_Rev1	252233814	100.000	23	0	0	1	23	261	239	5.22e-07	37.9
InfA_MA_InfA_Rev1	252233814	100.000	10	0	0	7	16	291	300	0.74	17.4
InfA_MA_InfA_Rev1	252233814	90.000	10	1	0	12	21	847	856	6.6	14.3
InfA_MA_InfA_Rev1	252233642	100.000	23	0	0	1	23	261	239	5.22e-07	37.9
InfA_MA_InfA_Rev1	252233642	100.000	10	0	0	7	16	291	300	0.74	17.4
InfA_MA_InfA_Rev1	252233642	90.000	10	1	0	12	21	847	856	6.6	14.3
InfA_MA_InfA_Rev1	252233631	100.000	23	0	0	1	23	261	239	5.22e-07	37.9
InfA_MA_InfA_Rev1	252233631	100.000	10	0	0	7	16	291	300	0.74	17.4
InfA_MA_InfA_Rev1	252233631	90.000	10	1	0	12	21	847	856	6.6	14.3
InfA_MA_InfA_Rev1	252233629	100.000	23	0	0	1	23	261	239	5.22e-07	37.9
InfA_MA_InfA_Rev1	252233629	100.000	10	0	0	7	16	291	300	0.74	17.4
InfA_MA_InfA_Rev1	252233629	90.000	10	1	0	12	21	847	856	6.6	14.3
InfA_MA_InfA_Rev1	252233563	100.000	23	0	0	1	23	261	239	5.22e-07	37.9
InfA_MA_InfA_Rev1	252233563	100.000	10	0	0	7	16	291	300	0.74	17.4
InfA_MA_InfA_Rev1	252233563	90.000	10	1	0	12	21	847	856	6.6	14.3
InfA_MA_InfA_Rev1	252233536	100.000	23	0	0	1	23	261	239	5.22e-07	37.9
InfA_MA_InfA_Rev1	252233536	100.000	10	0	0	7	16	291	300	0.74	17.4
InfA_MA_InfA_Rev1	252233536	90.000	10	1	0	12	21	847	856	6.6	14.3
InfA_MA_InfA_Rev1	252233475	100.000	23	0	0	1	23	261	239	5.22e-07	37.9
InfA_MA_InfA_Rev1	252233475	100.000	10	0	0	7	16	291	300	0.74	17.4
InfA_MA_InfA_Rev1	252233475	90.000	10	1	0	12	21	847	856	6.6	14.3
InfA_MA_InfA_Rev1	252233441	100.000	23	0	0	1	23	261	239	5.22e-07	37.9
InfA_MA_InfA_Rev1	252233441	100.000	10	0	0	7	16	291	300	0.74	17.4
InfA_MA_InfA_Rev1	252233441	90.000	10	1	0	12	21	847	856	6.6	14.3
InfA_MA_InfA_Rev1	252233440	100.000	23	0	0	1	23	261	239	5.22e-07	37.9
InfA_MA_InfA_Rev1	252233440	100.000	10	0	0	7	16	291	300	0.74	17.4
InfA_MA_InfA_Rev1	252233440	90.000	10	1	0	12	21	847	856	6.6	14.3
InfA_MA_InfA_Rev1	252233404	100.000	23	0	0	1	23	261	239	5.22e-07	37.9
InfA_MA_InfA_Rev1	252233404	100.000	10	0	0	7	16	291	300	0.74	17.4
InfA_MA_InfA_Rev1	252233404	90.000	10	1	0	12	21	847	856	6.6	14.3
InfA_MA_InfA_Rev1	252233402	100.000	23	0	0	1	23	261	239	5.22e-07	37.9
InfA_MA_InfA_Rev1	252233402	100.000	10	0	0	7	16	291	300	0.74	17.4
InfA_MA_InfA_Rev1	252233402	90.000	10	1	0	12	21	847	856	6.6	14.3
InfA_MA_InfA_Rev1	252233401	100.000	23	0	0	1	23	261	239	5.22e-07	37.9
InfA_MA_InfA_Rev1	252233401	100.000	10	0	0	7	16	291	300	0.74	17.4
InfA_MA_InfA_Rev1	252233401	90.000	10	1	0	12	21	847	856	6.6	14.3
InfA_MA_InfA_Rev1	252233399	100.000	23	0	0	1	23	261	239	5.22e-07	37.9
InfA_MA_InfA_Rev1	252233399	100.000	10	0	0	7	16	291	300	0.74	17.4
InfA_MA_InfA_Rev1	252233399	90.000	10	1	0	12	21	847	856	6.6	14.3
InfA_MA_InfA_Rev1	252233371	100.000	23	0	0	1	23	261	239	5.22e-07	37.9
InfA_MA_InfA_Rev1	252233371	100.000	10	0	0	7	16	291	300	0.74	17.4
InfA_MA_InfA_Rev1	252233371	90.909	11	1	0	12	22	847	857	2.2	15.8
InfA_MA_InfA_Rev1	252233358	100.000	23	0	0	1	23	261	239	5.22e-07	37.9
InfA_MA_InfA_Rev1	252233358	100.000	10	0	0	7	16	291	300	0.74	17.4
InfA_MA_InfA_Rev1	252233358	90.000	10	1	0	12	21	847	856	6.6	14.3
InfA_MA_InfA_Rev1	252233354	100.000	23	0	0	1	23	261	239	5.22e-07	37.9
InfA_MA_InfA_Rev1	252233354	100.000	10	0	0	7	16	291	300	0.74	17.4
InfA_MA_InfA_Rev1	252233354	90.000	10	1	0	12	21	847	856	6.6	14.3
InfA_MA_InfA_Rev1	252233317	100.000	23	0	0	1	23	261	239	5.22e-07	37.9
InfA_MA_InfA_Rev1	252233317	100.000	10	0	0	7	16	291	300	0.74	17.4
InfA_MA_InfA_Rev1	252233317	90.909	11	1	0	12	22	847	857	2.2	15.8
InfA_MA_InfA_Rev1	252233623	95.652	23	1	0	1	23	261	239	4.62e-06	34.7
InfA_MA_InfA_Rev1	252233623	100.000	10	0	0	7	16	291	300	0.74	17.4
InfA_MA_InfA_Rev1	252233623	90.000	10	1	0	12	21	847	856	6.6	14.3
InfA_MA_InfA_Rev1	252233622	95.652	23	1	0	1	23	261	239	4.62e-06	34.7
InfA_MA_InfA_Rev1	252233622	100.000	10	0	0	7	16	291	300	0.74	17.4
InfA_MA_InfA_Rev1	252233622	90.000	10	1	0	12	21	847	856	6.6	14.3
InfA_MA_InfA_Rev1	252233535	95.652	23	1	0	1	23	261	239	4.62e-06	34.7
InfA_MA_InfA_Rev1	252233817	91.304	23	2	0	1	23	261	239	4.08e-05	31.6
InfA_MA_InfA_Rev1	252233817	100.000	8	0	0	7	14	291	298	6.6	14.3
InfA_MA_InfA_Rev1	252233816	91.304	23	2	0	1	23	261	239	4.08e-05	31.6
InfA_MA_InfA_Rev1	252233816	100.000	8	0	0	7	14	291	298	6.6	14.3
InfA_MA_InfA_Rev1	252233814	91.304	23	2	0	1	23	261	239	4.08e-05	31.6
InfA_MA_InfA_Rev1	252233814	100.000	8	0	0	7	14	291	298	6.6	14.3
InfA_MA_InfA_Rev1	252233642	91.304	23	2	0	1	23	261	239	4.08e-05	31.6
InfA_MA_InfA_Rev1	252233642	100.000	8	0	0	7	14	291	298	6.6	14.3
InfA_MA_InfA_Rev1	252233642	100.000	8	0	0	1	8	949	942	6.6	14.3
InfA_MA_InfA_Rev1	252233631	91.304	23	2	0	1	23	261	239	4.08e-05	31.6
InfA_MA_InfA_Rev1	252233631	100.000	8	0	0	7	14	291	298	6.6	14.3
InfA_MA_InfA_Rev1	252233629	91.304	23	2	0	1	23	261	239	4.08e-05	31.6
InfA_MA_InfA_Rev1	252233629	100.000	8	0	0	7	14	291	298	6.6	14.3
InfA_MA_InfA_Rev1	252233623	91.304	23	2	0	1	23	261	239	4.08e-05	31.6
InfA_MA_InfA_Rev1	252233623	100.000	8	0	0	7	14	291	298	6.6	14.3
InfA_MA_InfA_Rev1	252233622	91.304	23	2	0	1	23	261	239	4.08e-05	31.6
InfA_MA_InfA_Rev1	252233622	100.000	8	0	0	7	14	291	298	6.6	14.3
InfA_MA_InfA_Rev1	252233563	91.304	23	2	0	1	23	261	239	4.08e-05	31.6
InfA_MA_InfA_Rev1	252233563	100.000	8	0	0	7	14	291	298	6.6	14.3
InfA_MA_InfA_Rev1	252233536	91.304	23	2	0	1	23	261	239	4.08e-05	31.6
InfA_MA_InfA_Rev1	252233536	100.000	8	0	0	7	14	291	298	6.6	14.3
InfA_MA_InfA_Rev1	252233475	91.304	23	2	0	1	23	261	239	4.08e-05	31.6
InfA_MA_InfA_Rev1	252233475	100.000	8	0	0	7	14	291	298	6.6	14.3
InfA_MA_InfA_Rev1	252233475	100.000	8	0	0	1	8	949	942	6.6	14.3
InfA_MA_InfA_Rev1	252233441	91.304	23	2	0	1	23	261	239	4.08e-05	31.6
InfA_MA_InfA_Rev1	252233441	100.000	8	0	0	7	14	291	298	6.6	14.3
InfA_MA_InfA_Rev1	252233441	100.000	8	0	0	1	8	949	942	6.6	14.3
InfA_MA_InfA_Rev1	252233440	91.304	23	2	0	1	23	261	239	4.08e-05	31.6
InfA_MA_InfA_Rev1	252233440	100.000	8	0	0	7	14	291	298	6.6	14.3
InfA_MA_InfA_Rev1	252233440	100.000	8	0	0	1	8	949	942	6.6	14.3
InfA_MA_InfA_Rev1	252233404	91.304	23	2	0	1	23	261	239	4.08e-05	31.6
InfA_MA_InfA_Rev1	252233404	100.000	8	0	0	7	14	291	298	6.6	14.3
InfA_MA_InfA_Rev1	252233402	91.304	23	2	0	1	23	261	239	4.08e-05	31.6
InfA_MA_InfA_Rev1	252233402	100.000	8	0	0	7	14	291	298	6.6	14.3
InfA_MA_InfA_Rev1	252233401	91.304	23	2	0	1	23	261	239	4.08e-05	31.6
InfA_MA_InfA_Rev1	252233401	100.000	8	0	0	7	14	291	298	6.6	14.3
InfA_MA_InfA_Rev1	252233399	91.304	23	2	0	1	23	261	239	4.08e-05	31.6
InfA_MA_InfA_Rev1	252233399	100.000	8	0	0	7	14	291	298	6.6	14.3
InfA_MA_InfA_Rev1	252233371	91.304	23	2	0	1	23	261	239	4.08e-05	31.6
InfA_MA_InfA_Rev1	252233371	100.000	8	0	0	7	14	291	298	6.6	14.3
InfA_MA_InfA_Rev1	252233358	91.304	23	2	0	1	23	261	239	4.08e-05	31.6
InfA_MA_InfA_Rev1	252233358	100.000	8	0	0	7	14	291	298	6.6	14.3
InfA_MA_InfA_Rev1	252233354	91.304	23	2	0	1	23	261	239	4.08e-05	31.6
InfA_MA_InfA_Rev1	252233354	100.000	8	0	0	7	14	291	298	6.6	14.3
InfA_MA_InfA_Rev1	252233317	91.304	23	2	0	1	23	261	239	4.08e-05	31.6
InfA_MA_InfA_Rev1	252233317	100.000	8	0	0	7	14	291	298	6.6	14.3
InfA_MA_InfA_Rev1	252233535	86.957	23	3	0	1	23	261	239	3.61e-04	28.4
InfA_MA_InfA_Rev1	252233535	100.000	8	0	0	11	18	878	871	6.6	14.3
InfA_MA_InfA_Rev1	252233817	95.652	23	1	0	1	23	261	239	4.62e-06	34.7
InfA_MA_InfA_Rev1	252233817	100.000	8	0	0	7	14	291	298	6.6	14.3
InfA_MA_InfA_Rev1	252233816	95.652	23	1	0	1	23	261	239	4.62e-06	34.7
InfA_MA_InfA_Rev1	252233816	100.000	8	0	0	7	14	291	298	6.6	14.3
InfA_MA_InfA_Rev1	252233814	95.652	23	1	0	1	23	261	239	4.62e-06	34.7
InfA_MA_InfA_Rev1	252233814	100.000	8	0	0	7	14	291	298	6.6	14.3
InfA_MA_InfA_Rev1	252233642	95.652	23	1	0	1	23	261	239	4.62e-06	34.7
InfA_MA_InfA_Rev1	252233642	100.000	8	0	0	7	14	291	298	6.6	14.3
InfA_MA_InfA_Rev1	252233631	95.652	23	1	0	1	23	261	239	4.62e-06	34.7
InfA_MA_InfA_Rev1	252233631	100.000	8	0	0	7	14	291	298	6.6	14.3
InfA_MA_InfA_Rev1	252233629	95.652	23	1	0	1	23	261	239	4.62e-06	34.7
InfA_MA_InfA_Rev1	252233629	100.000	8	0	0	7	14	291	298	6.6	14.3
InfA_MA_InfA_Rev1	252233623	95.652	23	1	0	1	23	261	239	4.62e-06	34.7
InfA_MA_InfA_Rev1	252233623	100.000	8	0	0	7	14	291	298	6.6	14.3
InfA_MA_InfA_Rev1	252233622	95.652	23	1	0	1	23	261	239	4.62e-06	34.7
InfA_MA_InfA_Rev1	252233622	100.000	8	0	0	7	14	291	298	6.6	14.3
InfA_MA_InfA_Rev1	252233563	95.652	23	1	0	1	23	261	239	4.62e-06	34.7
InfA_MA_InfA_Rev1	252233563	100.000	8	0	0	7	14	291	298	6.6	14.3
InfA_MA_InfA_Rev1	252233536	95.652	23	1	0	1	23	261	239	4.62e-06	34.7
InfA_MA_InfA_Rev1	252233536	100.000	8	0	0	7	14	291	298	6.6	14.3
InfA_MA_InfA_Rev1	252233475	95.652	23	1	0	1	23	261	239	4.62e-06	34.7
InfA_MA_InfA_Rev1	252233475	100.000	8	0	0	7	14	291	298	6.6	14.3
InfA_MA_InfA_Rev1	252233441	95.652	23	1	0	1	23	261	239	4.62e-06	34.7
InfA_MA_InfA_Rev1	252233441	100.000	8	0	0	7	14	291	298	6.6	14.3
InfA_MA_InfA_Rev1	252233440	95.652	23	1	0	1	23	261	239	4.62e-06	34.7
InfA_MA_InfA_Rev1	252233440	100.000	8	0	0	7	14	291	298	6.6	14.3
InfA_MA_InfA_Rev1	252233404	95.652	23	1	0	1	23	261	239	4.62e-06	34.7
InfA_MA_InfA_Rev1	252233404	100.000	8	0	0	7	14	291	298	6.6	14.3
InfA_MA_InfA_Rev1	252233402	95.652	23	1	0	1	23	261	239	4.62e-06	34.7
InfA_MA_InfA_Rev1	252233402	100.000	8	0	0	7	14	291	298	6.6	14.3
InfA_MA_InfA_Rev1	252233401	95.652	23	1	0	1	23	261	239	4.62e-06	34.7
InfA_MA_InfA_Rev1	252233401	100.000	8	0	0	7	14	291	298	6.6	14.3
InfA_MA_InfA_Rev1	252233399	95.652	23	1	0	1	23	261	239	4.62e-06	34.7
InfA_MA_InfA_Rev1	252233399	100.000	8	0	0	7	14	291	298	6.6	14.3
InfA_MA_InfA_Rev1	252233371	95.652	23	1	0	1	23	261	239	4.62e-06	34.7
InfA_MA_InfA_Rev1	252233371	100.000	8	0	0	7	14	291	298	6.6	14.3
InfA_MA_InfA_Rev1	252233358	95.652	23	1	0	1	23	261	239	4.62e-06	34.7
InfA_MA_InfA_Rev1	252233358	100.000	8	0	0	7	14	291	298	6.6	14.3
InfA_MA_InfA_Rev1	252233354	95.652	23	1	0	1	23	261	239	4.62e-06	34.7
InfA_MA_InfA_Rev1	252233354	100.000	8	0	0	7	14	291	298	6.6	14.3
InfA_MA_InfA_Rev1	252233317	95.652	23	1	0	1	23	261	239	4.62e-06	34.7
InfA_MA_InfA_Rev1	252233317	100.000	8	0	0	7	14	291	298	6.6	14.3
InfA_MA_InfA_Rev1	252233535	91.304	23	2	0	1	23	261	239	4.08e-05	31.6
InfA_MA_InfA_Rev1	252233535	100.000	8	0	0	11	18	878	871	6.6	14.3
InfA_MA_InfA_Rev1	252233623	95.652	23	1	0	1	23	261	239	4.62e-06	34.7
InfA_MA_InfA_Rev1	252233623	100.000	8	0	0	7	14	291	298	6.6	14.3
InfA_MA_InfA_Rev1	252233623	83.333	12	2	0	9	20	977	966	6.6	14.3
InfA_MA_InfA_Rev1	252233622	95.652	23	1	0	1	23	261	239	4.62e-06	34.7
InfA_MA_InfA_Rev1	252233622	100.000	8	0	0	7	14	291	298	6.6	14.3
InfA_MA_InfA_Rev1	252233622	83.333	12	2	0	9	20	977	966	6.6	14.3
InfA_MA_InfA_Rev1	252233817	91.304	23	2	0	1	23	261	239	4.08e-05	31.6
InfA_MA_InfA_Rev1	252233817	100.000	8	0	0	7	14	291	298	6.6	14.3
InfA_MA_InfA_Rev1	252233817	83.333	12	2	0	9	20	977	966	6.6	14.3
InfA_MA_InfA_Rev1	252233816	91.304	23	2	0	1	23	261	239	4.08e-05	31.6
InfA_MA_InfA_Rev1	252233816	100.000	8	0	0	7	14	291	298	6.6	14.3
InfA_MA_InfA_Rev1	252233816	83.333	12	2	0	9	20	977	966	6.6	14.3
InfA_MA_InfA_Rev1	252233814	91.304	23	2	0	1	23	261	239	4.08e-05	31.6
InfA_MA_InfA_Rev1	252233814	100.000	8	0	0	7	14	291	298	6.6	14.3
InfA_MA_InfA_Rev1	252233814	83.333	12	2	0	9	20	977	966	6.6	14.3
InfA_MA_InfA_Rev1	252233642	91.304	23	2	0	1	23	261	239	4.08e-05	31.6
InfA_MA_InfA_Rev1	252233642	100.000	8	0	0	7	14	291	298	6.6	14.3
InfA_MA_InfA_Rev1	252233642	100.000	8	0	0	1	8	949	942	6.6	14.3
InfA_MA_InfA_Rev1	252233642	83.333	12	2	0	9	20	977	966	6.6	14.3
InfA_MA_InfA_Rev1	252233631	91.304	23	2	0	1	23	261	239	4.08e-05	31.6
InfA_MA_InfA_Rev1	252233631	100.000	8	0	0	7	14	291	298	6.6	14.3
InfA_MA_InfA_Rev1	252233629	91.304	23	2	0	1	23	261	239	4.08e-05	31.6
InfA_MA_InfA_Rev1	252233629	100.000	8	0	0	7	14	291	298	6.6	14.3
InfA_MA_InfA_Rev1	252233629	83.333	12	2	0	9	20	977	966	6.6	14.3
InfA_MA_InfA_Rev1	252233563	91.304	23	2	0	1	23	261	239	4.08e-05	31.6
InfA_MA_InfA_Rev1	252233563	100.000	8	0	0	7	14	291	298	6.6	14.3
InfA_MA_InfA_Rev1	252233563	83.333	12	2	0	9	20	977	966	6.6	14.3
InfA_MA_InfA_Rev1	252233536	91.304	23	2	0	1	23	261	239	4.08e-05	31.6
InfA_MA_InfA_Rev1	252233536	100.000	8	0	0	7	14	291	298	6.6	14.3
InfA_MA_InfA_Rev1	252233536	83.333	12	2	0	9	20	977	966	6.6	14.3
InfA_MA_InfA_Rev1	252233475	91.304	23	2	0	1	23	261	239	4.08e-05	31.6
InfA_MA_InfA_Rev1	252233475	100.000	8	0	0	7	14	291	298	6.6	14.3
InfA_MA_InfA_Rev1	252233475	100.000	8	0	0	1	8	949	942	6.6	14.3
InfA_MA_InfA_Rev1	252233475	83.333	12	2	0	9	20	977	966	6.6	14.3
InfA_MA_InfA_Rev1	252233441	91.304	23	2	0	1	23	261	239	4.08e-05	31.6
InfA_MA_InfA_Rev1	252233441	100.000	8	0	0	7	14	291	298	6.6	14.3
InfA_MA_InfA_Rev1	252233441	100.000	8	0	0	1	8	949	942	6.6	14.3
InfA_MA_InfA_Rev1	252233441	83.333	12	2	0	9	20	977	966	6.6	14.3
InfA_MA_InfA_Rev1	252233440	91.304	23	2	0	1	23	261	239	4.08e-05	31.6
InfA_MA_InfA_Rev1	252233440	100.000	8	0	0	7	14	291	298	6.6	14.3
InfA_MA_InfA_Rev1	252233440	100.000	8	0	0	1	8	949	942	6.6	14.3
InfA_MA_InfA_Rev1	252233440	83.333	12	2	0	9	20	977	966	6.6	14.3
InfA_MA_InfA_Rev1	252233404	91.304	23	2	0	1	23	261	239	4.08e-05	31.6
InfA_MA_InfA_Rev1	252233404	100.000	8	0	0	7	14	291	298	6.6	14.3
InfA_MA_InfA_Rev1	252233404	83.333	12	2	0	9	20	977	966	6.6	14.3
InfA_MA_InfA_Rev1	252233402	91.304	23	2	0	1	23	261	239	4.08e-05	31.6
InfA_MA_InfA_Rev1	252233402	100.000	8	0	0	7	14	291	298	6.6	14.3
InfA_MA_InfA_Rev1	252233402	83.333	12	2	0	9	20	977	966	6.6	14.3
InfA_MA_InfA_Rev1	252233401	91.304	23	2	0	1	23	261	239	4.08e-05	31.6
InfA_MA_InfA_Rev1	252233401	100.000	8	0	0	7	14	291	298	6.6	14.3
InfA_MA_InfA_Rev1	252233401	83.333	12	2	0	9	20	977	966	6.6	14.3
InfA_MA_InfA_Rev1	252233399	91.304	23	2	0	1	23	261	239	4.08e-05	31.6
InfA_MA_InfA_Rev1	252233399	100.000	8	0	0	7	14	291	298	6.6	14.3
InfA_MA_InfA_Rev1	252233399	83.333	12	2	0	9	20	977	966	6.6	14.3
InfA_MA_InfA_Rev1	252233371	91.304	23	2	0	1	23	261	239	4.08e-05	31.6
InfA_MA_InfA_Rev1	252233371	100.000	8	0	0	7	14	291	298	6.6	14.3
InfA_MA_InfA_Rev1	252233371	83.333	12	2	0	9	20	977	966	6.6	14.3
InfA_MA_InfA_Rev1	252233358	91.304	23	2	0	1	23	261	239	4.08e-05	31.6
InfA_MA_InfA_Rev1	252233358	100.000	8	0	0	7	14	291	298	6.6	14.3
InfA_MA_InfA_Rev1	252233358	83.333	12	2	0	9	20	977	966	6.6	14.3
InfA_MA_InfA_Rev1	252233354	91.304	23	2	0	1	23	261	239	4.08e-05	31.6
InfA_MA_InfA_Rev1	252233354	100.000	8	0	0	7	14	291	298	6.6	14.3
InfA_MA_InfA_Rev1	252233354	83.333	12	2	0	9	20	977	966	6.6	14.3
InfA_MA_InfA_Rev1	252233317	91.304	23	2	0	1	23	261	239	4.08e-05	31.6
InfA_MA_InfA_Rev1	252233317	100.000	8	0	0	7	14	291	298	6.6	14.3
InfA_MA_InfA_Rev1	252233317	83.333	12	2	0	9	20	977	966	6.6	14.3
InfA_MA_InfA_Rev1	252233535	86.957	23	3	0	1	23	261	239	3.61e-04	28.4
InfA_MA_InfA_Rev1	252233623	100.000	23	0	0	1	23	261	239	5.22e-07	37.9
InfA_MA_InfA_Rev1	252233623	100.000	8	0	0	7	14	291	298	6.6	14.3
InfA_MA_InfA_Rev1	252233623	83.333	12	2	0	9	20	977	966	6.6	14.3
InfA_MA_InfA_Rev1	252233622	100.000	23	0	0	1	23	261	239	5.22e-07	37.9
InfA_MA_InfA_Rev1	252233622	100.000	8	0	0	7	14	291	298	6.6	14.3
InfA_MA_InfA_Rev1	252233622	83.333	12	2	0	9	20	977	966	6.6	14.3
InfA_MA_InfA_Rev1	252233817	95.652	23	1	0	1	23	261	239	4.62e-06	34.7
InfA_MA_InfA_Rev1	252233817	100.000	8	0	0	7	14	291	298	6.6	14.3
InfA_MA_InfA_Rev1	252233817	83.333	12	2	0	9	20	977	966	6.6	14.3
InfA_MA_InfA_Rev1	252233816	95.652	23	1	0	1	23	261	239	4.62e-06	34.7
InfA_MA_InfA_Rev1	252233816	100.000	8	0	0	7	14	291	298	6.6	14.3
InfA_MA_InfA_Rev1	252233816	83.333	12	2	0	9	20	977	966	6.6	14.3
InfA_MA_InfA_Rev1	252233814	95.652	23	1	0	1	23	261	239	4.62e-06	34.7
InfA_MA_InfA_Rev1	252233814	100.000	8	0	0	7	14	291	298	6.6	14.3
InfA_MA_InfA_Rev1	252233814	83.333	12	2	0	9	20	977	966	6.6	14.3
InfA_MA_InfA_Rev1	252233642	95.652	23	1	0	1	23	261	239	4.62e-06	34.7
InfA_MA_InfA_Rev1	252233642	100.000	8	0	0	7	14	291	298	6.6	14.3
InfA_MA_InfA_Rev1	252233642	83.333	12	2	0	9	20	977	966	6.6	14.3
InfA_MA_InfA_Rev1	252233631	95.652	23	1	0	1	23	261	239	4.62e-06	34.7
InfA_MA_InfA_Rev1	252233631	100.000	8	0	0	7	14	291	298	6.6	14.3
InfA_MA_InfA_Rev1	252233629	95.652	23	1	0	1	23	261	239	4.62e-06	34.7
InfA_MA_InfA_Rev1	252233629	100.000	8	0	0	7	14	291	298	6.6	14.3
InfA_MA_InfA_Rev1	252233629	83.333	12	2	0	9	20	977	966	6.6	14.3
InfA_MA_InfA_Rev1	252233563	95.652	23	1	0	1	23	261	239	4.62e-06	34.7
InfA_MA_InfA_Rev1	252233563	100.000	8	0	0	7	14	291	298	6.6	14.3
InfA_MA_InfA_Rev1	252233563	83.333	12	2	0	9	20	977	966	6.6	14.3
InfA_MA_InfA_Rev1	252233536	95.652	23	1	0	1	23	261	239	4.62e-06	34.7
InfA_MA_InfA_Rev1	252233536	100.000	8	0	0	7	14	291	298	6.6	14.3
InfA_MA_InfA_Rev1	252233536	83.333	12	2	0	9	20	977	966	6.6	14.3
InfA_MA_InfA_Rev1	252233475	95.652	23	1	0	1	23	261	239	4.62e-06	34.7
InfA_MA_InfA_Rev1	252233475	100.000	8	0	0	7	14	291	298	6.6	14.3
InfA_MA_InfA_Rev1	252233475	83.333	12	2	0	9	20	977	966	6.6	14.3
InfA_MA_InfA_Rev1	252233441	95.652	23	1	0	1	23	261	239	4.62e-06	34.7
InfA_MA_InfA_Rev1	252233441	100.000	8	0	0	7	14	291	298	6.6	14.3
InfA_MA_InfA_Rev1	252233441	83.333	12	2	0	9	20	977	966	6.6	14.3
InfA_MA_InfA_Rev1	252233440	95.652	23	1	0	1	23	261	239	4.62e-06	34.7
InfA_MA_InfA_Rev1	252233440	100.000	8	0	0	7	14	291	298	6.6	14.3
InfA_MA_InfA_Rev1	252233440	83.333	12	2	0	9	20	977	966	6.6	14.3
InfA_MA_InfA_Rev1	252233404	95.652	23	1	0	1	23	261	239	4.62e-06	34.7
InfA_MA_InfA_Rev1	252233404	100.000	8	0	0	7	14	291	298	6.6	14.3
InfA_MA_InfA_Rev1	252233404	83.333	12	2	0	9	20	977	966	6.6	14.3
InfA_MA_InfA_Rev1	252233402	95.652	23	1	0	1	23	261	239	4.62e-06	34.7
InfA_MA_InfA_Rev1	252233402	100.000	8	0	0	7	14	291	298	6.6	14.3
InfA_MA_InfA_Rev1	252233402	83.333	12	2	0	9	20	977	966	6.6	14.3
InfA_MA_InfA_Rev1	252233401	95.652	23	1	0	1	23	261	239	4.62e-06	34.7
InfA_MA_InfA_Rev1	252233401	100.000	8	0	0	7	14	291	298	6.6	14.3
InfA_MA_InfA_Rev1	252233401	83.333	12	2	0	9	20	977	966	6.6	14.3
InfA_MA_InfA_Rev1	252233399	95.652	23	1	0	1	23	261	239	4.62e-06	34.7
InfA_MA_InfA_Rev1	252233399	100.000	8	0	0	7	14	291	298	6.6	14.3
InfA_MA_InfA_Rev1	252233399	83.333	12	2	0	9	20	977	966	6.6	14.3
InfA_MA_InfA_Rev1	252233371	95.652	23	1	0	1	23	261	239	4.62e-06	34.7
InfA_MA_InfA_Rev1	252233371	100.000	8	0	0	7	14	291	298	6.6	14.3
InfA_MA_InfA_Rev1	252233371	83.333	12	2	0	9	20	977	966	6.6	14.3
InfA_MA_InfA_Rev1	252233358	95.652	23	1	0	1	23	261	239	4.62e-06	34.7
InfA_MA_InfA_Rev1	252233358	100.000	8	0	0	7	14	291	298	6.6	14.3
InfA_MA_InfA_Rev1	252233358	83.333	12	2	0	9	20	977	966	6.6	14.3
InfA_MA_InfA_Rev1	252233354	95.652	23	1	0	1	23	261	239	4.62e-06	34.7
InfA_MA_InfA_Rev1	252233354	100.000	8	0	0	7	14	291	298	6.6	14.3
InfA_MA_InfA_Rev1	252233354	83.333	12	2	0	9	20	977	966	6.6	14.3
InfA_MA_InfA_Rev1	252233317	95.652	23	1	0	1	23	261	239	4.62e-06	34.7
InfA_MA_InfA_Rev1	252233317	100.000	8	0	0	7	14	291	298	6.6	14.3
InfA_MA_InfA_Rev1	252233317	83.333	12	2	0	9	20	977	966	6.6	14.3
InfA_MA_InfA_Rev1	252233535	91.304	23	2	0	1	23	261	239	4.08e-05	31.6
InfA_MA_InfA_Rev2	252233535	100.000	23	0	0	1	23	261	239	5.22e-07	37.9
InfA_MA_InfA_Rev2	252233817	95.652	23	1	0	1	23	261	239	4.62e-06	34.7
InfA_MA_InfA_Rev2	252233817	90.000	10	1	0	12	21	847	856	6.6	14.3
InfA_MA_InfA_Rev2	252233816	95.652	23	1	0	1	23	261	239	4.62e-06	34.7
InfA_MA_InfA_Rev2	252233816	90.000	10	1	0	12	21	847	856	6.6	14.3
InfA_MA_InfA_Rev2	252233814	95.652	23	1	0	1	23	261	239	4.62e-06	34.7
InfA_MA_InfA_Rev2	252233814	90.000	10	1	0	12	21	847	856	6.6	14.3
InfA_MA_InfA_Rev2	252233642	95.652	23	1	0	1	23	261	239	4.62e-06	34.7
InfA_MA_InfA_Rev2	252233642	90.000	10	1	0	12	21	847	856	6.6	14.3
InfA_MA_InfA_Rev2	252233631	95.652	23	1	0	1	23	261	239	4.62e-06	34.7
InfA_MA_InfA_Rev2	252233631	90.000	10	1	0	12	21	847	856	6.6	14.3
InfA_MA_InfA_Rev2	252233629	95.652	23	1	0	1	23	261	239	4.62e-06	34.7
InfA_MA_InfA_Rev2	252233629	90.000	10	1	0	12	21	847	856	6.6	14.3
InfA_MA_InfA_Rev2	252233563	95.652	23	1	0	1	23	261	239	4.62e-06	34.7
InfA_MA_InfA_Rev2	252233563	90.000	10	1	0	12	21	847	856	6.6	14.3
InfA_MA_InfA_Rev2	252233536	95.652	23	1	0	1	23	261	239	4.62e-06	34.7
InfA_MA_InfA_Rev2	252233536	90.000	10	1	0	12	21	847	856	6.6	14.3
InfA_MA_InfA_Rev2	252233475	95.652	23	1	0	1	23	261	239	4.62e-06	34.7
InfA_MA_InfA_Rev2	252233475	90.000	10	1	0	12	21	847	856	6.6	14.3
InfA_MA_InfA_Rev2	252233441	95.652	23	1	0	1	23	261	239	4.62e-06	34.7
InfA_MA_InfA_Rev2	252233441	90.000	10	1	0	12	21	847	856	6.6	14.3
InfA_MA_InfA_Rev2	252233440	95.652	23	1	0	1	23	261	239	4.62e-06	34.7
InfA_MA_InfA_Rev2	252233440	90.000	10	1	0	12	21	847	856	6.6	14.3
InfA_MA_InfA_Rev2	252233404	95.652	23	1	0	1	23	261	239	4.62e-06	34.7
InfA_MA_InfA_Rev2	252233404	90.000	10	1	0	12	21	847	856	6.6	14.3
InfA_MA_InfA_Rev2	252233402	95.652	23	1	0	1	23	261	239	4.62e-06	34.7
InfA_MA_InfA_Rev2	252233402	90.000	10	1	0	12	21	847	856	6.6	14.3
InfA_MA_InfA_Rev2	252233401	95.652	23	1	0	1	23	261	239	4.62e-06	34.7
InfA_MA_InfA_Rev2	252233401	90.000	10	1	0	12	21	847	856	6.6	14.3
InfA_MA_InfA_Rev2	252233399	95.652	23	1	0	1	23	261	239	4.62e-06	34.7
InfA_MA_InfA_Rev2	252233399	90.000	10	1	0	12	21	847	856	6.6	14.3
InfA_MA_InfA_Rev2	252233371	95.652	23	1	0	1	23	261	239	4.62e-06	34.7
InfA_MA_InfA_Rev2	252233371	90.909	11	1	0	12	22	847	857	2.2	15.8
InfA_MA_InfA_Rev2	252233358	95.652	23	1	0	1	23	261	239	4.62e-06	34.7
InfA_MA_InfA_Rev2	252233358	90.000	10	1	0	12	21	847	856	6.6	14.3
InfA_MA_InfA_Rev2	252233354	95.652	23	1	0	1	23	261	239	4.62e-06	34.7
InfA_MA_InfA_Rev2	252233354	90.000	10	1	0	12	21	847	856	6.6	14.3
InfA_MA_InfA_Rev2	252233317	95.652	23	1	0	1	23	261	239	4.62e-06	34.7
InfA_MA_InfA_Rev2	252233317	90.909	11	1	0	12	22	847	857	2.2	15.8
InfA_MA_InfA_Rev2	252233623	91.304	23	2	0	1	23	261	239	4.08e-05	31.6
InfA_MA_InfA_Rev2	252233623	90.000	10	1	0	12	21	847	856	6.6	14.3
InfA_MA_InfA_Rev2	252233622	91.304	23	2	0	1	23	261	239	4.08e-05	31.6
InfA_MA_InfA_Rev2	252233622	90.000	10	1	0	12	21	847	856	6.6	14.3
InfB_MA_InfA_For	252233371	78.571	14	3	0	4	17	853	866	5.5	14.3
InfB_MA_InfA_For	252233317	78.571	14	3	0	4	17	853	866	5.5	14.3
InfB_MA_InfA_For	252233817	78.571	14	3	0	4	17	853	866	5.5	14.3
InfB_MA_InfA_For	252233816	78.571	14	3	0	4	17	853	866	5.5	14.3
InfB_MA_InfA_For	252233814	78.571	14	3	0	4	17	853	866	5.5	14.3
InfB_MA_InfA_For	252233642	78.571	14	3	0	4	17	853	866	5.5	14.3
InfB_MA_InfA_For	252233629	78.571	14	3	0	4	17	853	866	5.5	14.3
InfB_MA_InfA_For	252233623	78.571	14	3	0	4	17	853	866	5.5	14.3
InfB_MA_InfA_For	252233622	78.571	14	3	0	4	17	853	866	5.5	14.3
InfB_MA_InfA_For	252233563	78.571	14	3	0	4	17	853	866	5.5	14.3
InfB_MA_InfA_For	252233536	78.571	14	3	0	4	17	853	866	5.5	14.3
InfB_MA_InfA_For	252233475	78.571	14	3	0	4	17	853	866	5.5	14.3
InfB_MA_InfA_For	252233441	78.571	14	3	0	4	17	853	866	5.5	14.3
InfB_MA_InfA_For	252233440	78.571	14	3	0	4	17	853	866	5.5	14.3
InfB_MA_InfA_For	252233404	78.571	14	3	0	4	17	853	866	5.5	14.3
InfB_MA_InfA_For	252233402	78.571	14	3	0	4	17	853	866	5.5	14.3
InfB_MA_InfA_For	252233401	78.571	14	3	0	4	17	853	866	5.5	14.3
InfB_MA_InfA_For	252233399	78.571	14	3	0	4	17	853	866	5.5	14.3
InfB_MA_InfA_For	252233358	78.571	14	3	0	4	17	853	866	5.5	14.3
InfB_MA_InfA_For	252233354	78.571	14	3	0	4	17	853	866	5.5	14.3
InfB_MA_InfA_Rev	252233642	90.909	11	1	0	10	20	466	476	1.8	15.8
